대화셋일련번호,고객의도,문장번호,고객질문(요청),개체명 ,지식베이스
A4073,전세자금대출금리,1,신혼부부 전세자금 대출 최저금리가 얼마죠?,"신혼부부, 전세자금, 대출, 최저금리","전세자금,금리"
A4074,신용대출조건,1,신용대출을 받을 수 있는 나이는 몇 살 이상인가요?,"신용대출, 나이, 살, 이상","나이,한도"
A4078,대출문의,1,대출문의 좀 하고 싶은데요,"대출, 문의","문의,대출"
A4093,대출한도,1,조건없이 신용대출 받을 수 있나요?,"신용, 대출","대출,금융상품"
A4098,학자금대출,1,학자금 대출을 받고 싶은데요,"학자금, 대출","대출,금융상품"
A4109,대출문의,1,신용대출을 받고 싶은데 얼마나 받을 수 있을까요?,신용대출,"신용대출,수량"
A4111,담보대출,1,단독주택을 지으려고 하는데 대출받을 수 있나요?,"단독주택,대출",대출
A4112,대출이율,1,대출이율이 가장 싼 은행은 어디인가요?,"대출,이율,은행","이율,금융기간"
A4115,신용대출문의,1,1억원을 15일간만 신용대출하는게 가능한가요?,신용대출,신용대출
A4127,대출서비스,1,대출금 연말정산 서류를 발급받고 싶은데 방법 좀 알려주세요.,"서류, 발급, 방법","발급,수단"
A4130,대출서비스,1,예금을 담보로 대출 받으면 바로 입금되요?,"예금, 담보, 대출, 입금","담보,입금"
A4131,대출서비스,1,비대면을 통해 전세 대출 신청하려고 몇 가지 문의드립니다.,"비대면, 대출, 신청","대출,접수"
A4138,전세자금대출,1,"청년 전세자금 대출을 받을려고 하는데, 최저금리가 얼마인지 알수 있을까요?","청년,대출,금리","대출,전세자금"
A4143,아파트담보대출,1,아파트 담보대출 신청이 가능할까요?,아파트 담보대출 신청 가능,"아파트담보대출신청가능,접수"
A4151,대출서비스,1,대출금 연말정산 서류를 발급받고 싶은데 방법 좀 알려주세요.,"서류, 발급, 방법","발급,수단"
A4154,대출서비스,1,예금을 담보로 대출 받으면 바로 입금되요?,"예금, 담보, 대출, 입금","담보,입금"
A4155,대출서비스,1,비대면을 통해 전세 대출 신청하려고 몇 가지 문의드립니다.,"비대면, 대출, 신청","대출,접수"
A4162,전세자금대출,1,"청년 전세자금 대출을 받을려고 하는데, 최저금리가 얼마인지 알수 있을까요?","청년,대출,금리","대출,전세자금"
A4167,아파트담보대출,1,아파트 담보대출 신청이 가능할까요?,아파트 담보대출 신청 가능,"아파트담보대출신청가능,접수"
A4170,수시대출,1,수시대출(마이너스통장) 신청하고 싶은데요?,수시대출,"수시대출,수시대출(마이너스통장)"
A4173,학자금대출,1,학자금대출을 받으려면 어떻게 해야 하나요?,학자금대출,학자금대출
A4176,신용대출,1,신용대출이 가능한지 문의하려고 합니다.                 조건이 어떻게 되나요?,"신용대출, 문의,조건","문의,신용대출"
A4177,주택담보대출,1,주택구입시 담보대출이 가능할까요?,"주택구입,담보대출","담보대출,주택자금"
A4178,대출 ,1,직장인 대출이 가능할까요?,,
A4179,전세자금대출,1,전세자금대출이 될까요?,전세자금대출,전세자금대출
A4187,청약저축대출,1,청약저축을 담보로 대출이 가능한가요?,"청약저욱,담보,대출",담보
A4197,대출,1,마이너스통장을 가입하고 싶은데요.,"마이너스통장,가입","가입,신규개설"
A4203,대출,1,은행에 있는 예금을 담보로 대출이 가능하나요?,"예금, 담보, 대출","담보,대출"
A4206,대출,1,중소기업청년전세대출을 희망하는데 금리가 얼마인가요?,"중소기업청년전세대출, 희망,금리","희망,이자"
A4207,대출,1,대출 원리금을 상환하고 싶은데 어떻게 하나요?,"대출,원리금,상환","원리금,대출원금이자"
A4208,대출,1,저는 외국인인데 대출이 가능한가요?,"외국인,대출,가능","대출,외국인-국적"
A4209,대출,1,담보같은거 없이 제가 신용 대출을 받을 수 있을까요?,"담보,신용, 대출","신용,보증"
A4210,대출,1,신용대출을 받고 싶은데 나이제한이 있나요?,"신용대출, 나이","나이,한도"
A4226,대출,1,대출을 받아서 건물을 짓고 싶은데 가능할까요?,"대출, 건물","건물,건축물"
A4227,대출,1,"아파트 담보대출 받았는데, 혹시 추가대출 가능한가요?","아파트, 담보대출, 추가대출","담보대출,공동주택"
A4228,대출,1,"제가 돈이 급하게 필요한데, 단기로 대출 받을 수 있나요?","돈, 단기, 대출","단기,자금"
A4229,대출,1,"제가 아파트 담보대출을 받았는데 금리가 다른 사람에 비해 너무 높아서 낮추고 싶은데, 가능할까요?","아파트,담보대출, 금리, 가능","담보대출,공동주택"
A4230,대출,1,제가 받은 학자금 대출에 대한 내용을 확인하고 싶은데요.,"학자금대출, 내용,확인",내용
A4231,대출,1,대출에 대해 문의하고 싶은데요?,"대출,문의",문의
A4236,대출,1,마이너스통장을 개설하고 싶어요.,"마이너스통장,가입","가입,신규개설"
A4238,대출,1,대출기간은 남았는데 지금 먼저 상환할 수 있나요?,"대출,상환",상환
A4239,대출,1,제 배우자가 외국인인데 대출이 가능한가요?,"외국인,대출,가능","대출,외국인-국적"
A4330,주택자금대출,1,주택자금대출 알아보려구요,"주택,자금,대출","자금,부동산"
A4452,학자금대출,1,학자금대출을 받으려면 어떻게 해야 하나요?,학자금대출,학자금대출
A4454,신용대출,1,신용대출이 가능한지 문의하려고 합니다.                 조건이 어떻게 되나요?,"신용대출, 문의,조건","문의,신용대출"
A4455,대출 ,1,직장인 대출이 가능할까요?,,
A4601,대출 서비스,1,대출 금리 낮출 수 있나요?,"대출,금리","금리,이자율"
A4603,학자금 대출,1,학자금 대출 받으려구요 받을수있나요?,"학자금,대출",대출
A4604,카드 대출,1,신용카드로 대출 되요?,"신용카드,대출","대출,카드"
A4605,적금 대출,1,적금으로 대출 되요?,"적금, 대출",대출
A4610,대출 서비스,1,청년전용버팀목 전세대출 하려고요,"청년전용버팀목, 전세,대출",전세
A4614,대출 서비스,1,학자금 대출 문의요,"학자금,대출, 문의",대출
A4616,대출 서비스,1,중소기업청년전세대출 문의요,"중소기업청년전세대출,문의",문의
A4624,대출 서비스,1,무엇을 도와드릴까요 고객님?,고객,고객
A4626,전세 대출,1,전세 대출 알아보려고요,"전세,대출",대출
A4630,전세 대출 서비스,1,전세자금대출이 하고 싶은데요,전세자금대출,전세자금대출
A4631,담보 대출 ,1,담보대출이 가능 한가요?,"담보,대출",대출
A4634,대출 서비스,1,마통 신청하고 싶은데요?,"마통,신청","신청,마이너스통장"
A4635,대출 서비스,1,신용대출이 가능한지 문의하려고요,"신용,대출,가능,문의",대출
A4638,대출 서비스,1,청약저축으로 대출 되요?,"청약,저축,대출","저축,저금"
A4645,대출 서비스,1,전세 대출 알아보려고요,"전세,대출","대출,이율"
A4651,대출 서비스,1,직장인인데 대출 하려고요,"직장,대출","대출,회사"
A4653,대출 서비스,1,학자금대출을 받고싶어요,학자금대출,학자금대출
A4657,대출 서비스,1,전세자금대출 하려고요,전세자금대출,전세자금대출
A4668,대출 서비스,1,적금으로 대출이 되나요?,"적금,대출",대출
A4669,대출 서비스,1,인터넷으로 대출상환 할 수 있습니까?,"인터넷,대출,상환",대출
A4670,대출 서비스,1,담보대출 금리를 내릴 수 있습니까?,"담보,대출,금리","대출,이자율"
A4672,카드 대출,1,신용카드로 대출 할 수 있습니까?,"신용카드,대출","대출,카드"
A4673,대출 서비스,1,학자금대출을 받을 수 있습니까?,"학자금,대출",대출
A4677,대출 서비스,1,신용대출을 받고싶은데요,신용대출,신용대출
A4890,주택자금대출,1,전세자금 대출 알아보려구요,"전세,자금,대출","자금,대출"
A4893,신용등급문의,1,대출시 신용등급이 많은 영향을 끼치나요,"대출,본인,신용","본인,금융서비스"
A4928,신용대출,1,신용대출 받고싶은데요 가능할까요?,"신용,대출","대출,대부"
A4929,대출금리인하,1,대출금리 인하는 어떻게 받나요?,"대출,금리","금리,이율"
A4930,학자금대출,1,학자금 대출 신청이 가능할까요?,"학자금,신청","신청,융자"
A4933,대출금리인하,1,대출금리를 인하 가능할까요?,"대출,금리","금리,이율"
A4934,학자금대출,1,학자금 대출이 가능한가요?,학자금,"학자금,융자"
A4935,담보대출,1,제가 가지고 있는 적금을 담보로 대출이 가능 할까요?,"적금,담보","담보,융자"
A4937,전세자금대출,1,전세자금 대출 문의드려도 될가요?,"전세,자금","자금,융자"
A4938,전세자금대출,1,전세자금 대출 문의드려도 될가요?,"전세,자금","자금,융자"
A4941,잔세자금대출상환,1,전세자금대출 완납하고 싶은데요?,"전세,자금,완납","자금,융자"
A4942,소상공인대출,1,코로나 19로 인한 특별대출 신청 어떻게 하나요?,"코로나,특별","특별,승인"
A4943,중소기업 청년대출,1,중소기업청년 전월세보증금 대출을 받을수 있을까요?,"중소기업,청년","청년,계약금"
A4952,대출서비스,1,수고하십니다. 현금서비스관련 궁금한게 있어서요.,"수고, 현금서비스, 궁금","현금서비스,단기대출"
A4953,대출거래내역,1,저기요 담보대출 거래내역을 알고 싶어서요.,"담보대출, 거래내역","거래내역,대출상품"
A4957,대출서비스,1,대출서비스 관련하여 궁금한게 있어서요.,"대출서비스, 관련, 궁금","관련,의문"
A4969,전세대출,1,수고하십니다 전세자금 대출을 받고 싶은데요.,"수고, 전세자금, 대출","전세자금,융자"
A4971,전세대출,1,수고하십니다. 전세자금대출에 대해 궁금한게 있어서요.,"전세자금대출, 궁금","궁금,전세자금융자"
A4973,전세대출,1,전세대출 관련하여 문의 드릴께 있어서요.,"전세대출, 문의","문의,전세자금대출"
A4975,전세대출,1,수고하십니다. 전세 대출 가능한지 좀 알아보려고요.,전세대출,"전세대출,전세자금대출"
A4976,자영업대출,1,수고하십니다. 대출 궁금해서요.,"수고, 대출","대출,융자"
A4977,자영업대출,1,휴… 요즘 너무 힘들어서요 혹시 대출 안될까요?,"요즘, 대출","대출,융자"
A4978,자영업대출,1,저기요 너무 힘이 들어 대출 좀 알아보려고요.,"힘, 대출","대출,융자"
A4979,자영업대출,1,수고하십니다. 자영업자 대출을 좀 알아보려고요,"자영업자, 대출","대출,개인사업자"
A4980,자영업대출,1,"저기요.개인사업자인데요, 대출관련 궁금한게 있어서요","개인사업자, 대출","대출,자영업자"
A4981,자영업대출,1,대출상담 되나요? ,대출,"대출,융자"
A4982,자영업대출,1,수고하십니다. 제가 대출 받은게 있는데 추가로 대출이 될까요?,"수고, 대출, 추가","대출,노고"
A4983,무직자대출,1,수고하십니다.무직자 대출 좀 알아보려고요,무직자대출,"무직자대출,실업자대출"
A4984,무직자대출,1,수고하십니다. 무직자 대출 이라는게 있다고 하던데요.,"수고, 무직자 대출","무직자대출,노고"
A4985,무직자대출,1,수고하십니다. 직장이 없어도 대출이 된다고 하던데요,"직장, 대출","대출,일"
A4986,무직자대출,1,수고하십니다. 대출을 좀 받을수 있을까 해서요.,"수고, 대출","대출,노고"
A4987,무직자대출,1,저기요…직장을 안 다녀도 대출 된다고 그러던데요.,"직장, 대출","대출,일"
A4988,무직자대출,1,직장 없어도 대출 되나요?,"직장, 대출. 제약","대출.제약,일"
A4989,무직자대출,1,얼마전 해고 당해서 수입이 없는데… 혹시 대출이 될까요?,"해고, 수입, 대출","수입,급여"
A4990,무직자대출,1,수고하십니다. 직장이 없어도 받을수  있는 대출이 있다고하던데요.,"수고, 직장, 대출","직장,일"
A4991,담보대출,1,수고하십니다. 담보대출에 대해서 좀 문의하려고요.,"수고, 담보대출","담보대출,노고"
A4992,담보대출,1,담보대출 궁금한게 있어 문의 드립니다.,"담보대출, 궁금","궁금,보증대출"
A4993,담보대출,1,수고하십니다. 담보대출 상담할게 있어서요.,"담보대출, 상담","상담,보증대출"
A4994,담보대출,1,수고하십니다. 제가 작은 건물이 하나 있는데 이걸로 담보 대출이 될까요?,"수고, 건물, 담보","건물,노고"
A4995,담보대출,1,저기요 담보대출은 어떤게 있나요?,담보대출,"담보대출,보증대출"
A4996,담보대출,1,수고하십니다. 제가 아파트 상가를 소유중인데 담보대출에 대해 궁금한게 있어서요.,"아파트, 담보대출","담보대출,주거형태"
A4997,담보대출,1,수고하십니다 주택담보대출 좀 알아보려고 하는데요.,주택담보대출,"주택담보대출,주택보증대출"
A4998,담보대출,1,작은 상가 건물을 갖고 있는데 대출 가능한지 문의 좀 하려고요.,"상가, 건물, 대출","건물,빌딩"
A4999,신용대출,1,수고하십니다. 신용대출 관련해서 궁금한게 있어서요.,"수고, 신용대출, 궁금","신용대출,의문"
A5000,신용대출,1,수고하십니다 신용대출은 받으려면 어떻게 하나요?,"수고, 신용대출, 궁금","신용대출,노고"
A5001,신용대출,1,신용대출 상담 할 수 있나요?,신용대출,"신용대출,신용융자"
A5002,신용대출,1,수고하십니다. 신용대출을 받고 싶은데요.,"수고, 신용대출 ","신용대출,노고"
A5003,신용대출,1,저기요 신용대출 받고 싶은데 가능할까요?,신용대출,"신용대출,신용융자"
A5004,신용대출,1,수고 많으십니다. 대출이 가능한 지 좀 알아보려고요.,"수고, 대출","대출,노고"
A5005,신용대출,1,수고하십니다. 저도 대출이 될까 해서요.,"수고, 대출","대출,융자"
A5006,대출종류,1,저기요 신용대출 받을수 있나 해서요.,신용대출,"신용대출,신용융자"
A5034,신용대출,1,전세금이 부족해 신용대출 문의 하려구요,"신용,대출","대출,은행"
A5037,카드대출문자,1,카드대출 문자메세지가 뜨는데 가능한가요,카드,"카드,SMS"
A5038,대출금리,1,대출금리 인하 할수 있나요?,"금리,대출,인하","대출,이자율"
A5041,학자금대출상환,1,학자금 대출과 상환방법 문의하려구요?,"학자금,대출,상환","대출,학비"
A5042,예치금담보대출,1,예치금으로 담보대출 문의 하려구요,담보대출,담보대출
A5044,전세자금대출,1,전세자금대출 한도 문의해도 될까요?,"대출,전세","전세,대부"
A5048,적금대출,1,적금 해약건으로 문의해도 되나요?,"적금,해약","해약,예적금"
A5066,주택담보대출,1,신용대출 문의해도 될까요,"신용도, 대출","대출,대부"
A5067,대출금리변동,1,담보대출 상담시는 이자가 2%였는데  이자를 내려고보니 2.2%로 계산됐는데 어찌된건지요," 처음, 답보대출, 2%, 오늘, 확인, 2.2%","답보대출,검증"
A5167,수시대출,1,수시대출(마이너스통장) 신청하고 싶은데요?,수시대출,"수시대출,수시대출(마이너스통장)"
A5169,보험계약대출,1,보험계약 대출 가능할까요?,보험계약 대출,"보험계약대출,대출"
A5176,대출,1,약관대출을 받고 싶은데요.,약관대출,약관대출
A5292,보험계약대출,1,제가 보험계약대출을 얼마받았는지 알수있나요?,"보험계약대출,얼마","얼마,약관대출"
A5395,보험계약대출,1,가입한 보험에서 대출이 가능한가요?,"보험계약,대출,가능","대출,약관대출"
A5461,학자금대출,1,학자금 대출 신청문의 하려구요,"학자금,대출","대출,금융기관"
A5510,보험계약대출,1,보험계약 대출 가능할까요?,보험계약 대출,"보험계약대출,대출"
A5511,청약저축대출,1,청약저축을 담보로 대출이 가능한가요?,"청약저욱,담보,대출",담보
A5566,보험 대출,1,보험으로 대출 받으려고요,"보험,대출","대출,금융상품"
A5567,보험 대출,1,보험 대출 되나 싶어서요,"보험,대출","대출,금융상품"
A5568,보험 대출,1,보험약관 대출을 알아보고 싶습니다.,"보험,약관,대출","약관,계약"
A5582,보험 대출,1,보험계약대출 신청 가능한 조건이 있습니까?,"보험,계약,대출,신청,가능,조건","계약,금융상품"
A5583,보험 대출,1,암보험도 환급되서 출금 할 수 있어요?,"암보험,환급,출금",환급
A5585,보험 대출,1,보험계약 대출 할 수 있나요?,"보험,계약,대출","계약,금융상품"
A5604,대출 서비스,1,300만원 정도 약관대출로 할 수 있습니까?,"300만원,약관,대출","약관,금액"
A5622,보험 대출,1,보험계약대출 받으려면 어떻게 해야합니까?,"보험,계약,대출","계약,금융상품"
A5623,대출 서비스,1,이곳에서 보험 약관대출 됩니까?,"보험,약관,대출","약관,금융상품"
A5624,대출 서비스,1,대출 상환 가능합니까?,"대출,상환,가능",상환
A5626,대출 서비스,1,대출 신청할 때 본인이 직접 가야합니까?,"대출, 신청, 본인",신청
A5701,보험계약대출,1,보험계약대출이 뭔가요?,보험계약대출,"보험계약대출,대출"
A5702,보험계약대출,1,보험계약 대출을 좀 문의 드릴게요.,"보험계약, 대출, 문의","대출,질문"
A5703,보험계약대출,1,"안녕하세요, 문의 좀 드리려고요.",문의,"문의,질문"
A5704,보험계약대출,1,보험계약대출에 대해 알고 싶어요.,보험계약대출,"보험계약대출,대출"
A5705,보험계약대출,1,제가 보험 가입해 놓은 게 있는데요.,"보험, 가입","가입,등록"
A5706,보험계약대출,1,보험계약대출이 뭔가요?,보험계약대출,"보험계약대출,대출"
A5707,보험계약대출,1,보험계약대출 신청하려고요.,"보험계약대출, 신청","신청,요청"
A5708,보험계약대출,1,보험으로 대출받으려고 하는데요.,"보험, 대출","대출,금융서비스"
A5709,보험계약대출,1,제가 가입한 보험으로 대출이 가능한가요?,"가입, 보험, 대출, 가능","보험,승인"
A5710,보험계약대출,1,보험을 담보로 대출을 받을 수 있나요?,"보험, 담보, 대출","담보,금융서비스"
A5711,보험계약대출,1,제가 지난주에 보험계약대출을 받았는데요.,보험계약대출,"보험계약대출,대출"
A5712,보험계약대출,1,보험계약대출 때문에 전화 드렸어요.,"보험계약대출, 전화","전화,통신수단"
A5713,보험계약대출,1,보험계약대출 관련해서 문의 드립니다.,"보험계약대출, 문의","문의,질문"
A5716,보험중도인출,1,보험계약대출 알아보고 있는데 궁금한 게 있어서요.,보험계약대출,"보험계약대출,대출"
A5718,보험론,1,저.. 제가 자금이 필요해서 대출을 받아야 하는데요.,"자금, 필요, 대출","필요,금융서비스"
A5790,학자금대출,1,등록금 대출 문의하려구요,"등록금,대출","대출,금융기관"
A5847,대출서비스,1,보험 대출스마트출금 서비스라고 하던데 뭔가요?,"보험, 서비스","서비스,손해보증"
A5851,대출서비스,1,대출 서비스 궁금한게 있어서요?,"대출, 서비스","서비스,금융상품"
A5852,대출내역조회,1,수고하십니다. 대출내역조회 문의 드립니다,"수고, 대출, 문의","대출,질문"
A5854,대출서비스,1,수고하십니다. 대출현황을 조회하고 싶은데요.,"수고, 대출현황","대출현황,노고"
A5855,대출내역조회,1,수고하십니다. 대출관련하여 이상한점이 있어서요.,"수고, 대출","대출,노고"
A5856,대출서비스,1,저기요 변액보험 관련하여 대출 문의드려요,"변액보험, 대출","대출,보험상품"
A5933,보험약관대출,1,보험계약 대출 문의 하려는데 되나요?,"보험계약, 대출","대출,대부"
A5934,보험약관대출,1,약관대출로 천만원 빌릴수있는지 문의하려구요," 약관대출, 보험료,확인 ","보험료,문의"
A5935,보험약관대출,1,소멸성보험 약관대출 문의하려구요,보험약관대출,"보험약관대출,소멸성"
A6063,대출문의,1,대출문의 좀 해도 될까요?,대출,"대출,서비스"
A6064,대출문의,1,대출문의 좀 할게요.,대출,"대출,서비스"
A6065,신용대출문의,1,신용대출을 받을 수 있을까요?,신용대출,"신용대출,대출"
A6066,주택대출,1,주택도시기금대출 문의합니다. ,주택도시기금대출,"주택도시기금대출,대출상품"
A6067,버팀목대출,1,버팀목 전세자금 대출 관련 문의좀 드립니다. ,버팀목전세자금대출,"버팀목전세자금대출,대출상품"
A6089,대출 문의 ,1,전세대출관련 질문이 좀 있어서요. ,"전세대출, 질문","질문,문의"
A6090,대출 문의 ,1,신용대출에 대해 질문 좀 하려고요. ,"신용대출, 질문",질문
A6091,대출 문의 ,1,대출 관련 질문이 있습니다. ,"대출, 질문","질문,금융상품"
A6093,대출금리,1,대출금리 질문하려고 하는데요. ,"대출, 금리, 질문","금리,문의"
A6095,대출 문의,1,신혼부부 전세 대출 여기서 신청해도 되나요?,"신혼부부, 전세, 대출","전세,금융상품"
A6096,대출 문의,1,전세대출 문의 좀 하려고 합니다. ,"전세대출, 문의","문의,질문"
A6102,대출 문의 ,1,대출 좀 알아보려구요.,대출,"대출,은행대출"
A6156,대출서비스,1,대출 신청 문의 드립니다,"대출,신청,문의","신청,질문"
A6157,대출서비스,1,신용대출을 인터넷으로 신청 할 수 있나요?,"신용대출,인터넷,신청","인터넷,신청"
A6158,대출서비스,1,모바일로 대출 신청 할 수 있나요?,"모바일,대출,신청","대출,신청"
A6159,대출서비스,1,대출 신청 예정입니다,"대출,신청,예정",신청
A6160,대출서비스,1,대출 이자 납부 문의 드립니다,"대출,이자,납부,문의","이자,질문"
A6161,대출서비스,1,전세대출 문의 드립니다,"전세대출,문의","문의,질문"
A6162,대출서비스,1,연장 할 때 금리는 바뀔 수 있나요?,"연장,금리","금리,이자"
A6163,대출서비스,1,대출 받을 수 있다고 문자가 왔습니다,"대출,문자",문자
A6166,대출서비스,1,신용대출 문의 드립니다,"신용대출,문의","문의,질문"
A6167,대출서비스,1,적금담보 대출 문의 합니다,"적금,담보,대출,문의","담보,질문"
A6168,대출서비스,1,가입한 예금을 중도해지 할 경우 이자 문의 드려요,"가입,예금,중도해지,이자,문의","예금,질문"
A6169,대출서비스,1,담보대출 문의 드립니다,"담보대출,문의","문의,질문"
A6170,대출서비스,1,대출 신청 문의 드립니다,"대출,신청,문의","신청,질문"
A6171,대출서비스,1,인터넷으로 대출 신청중입니다,"인터넷,대출,신청","대출,신청"
A6172,대출서비스,1,새희망홀씨 대출 문의 합니다,"새희망홀씨,대출,문의","대출,질문"
A6173,대출서비스,1,대출문의 드립니다,대출문의,"대출문의,문의"
A6175,대출서비스,1,00은행에서 소상공인 대출 받을 수 있나요?,"00은행,소상공인,대출","소상공인,대출"
A6176,대출서비스,1,담보대출 문의 합니다,"담보대출,문의","문의,질문"
A6177,대출서비스,1,우리가족 대출 문의 드립니다,"우리가족,대출,문의","대출,질문"
A6178,대출서비스,1,e뱅크론 문의 드립니다,"e뱅크론,문의","문의,질문"
A6179,대출서비스,1,대출이 연체되어 문의 드립니다,"대출,연체,문의","연체,질문"
A6180,대출서비스,1,대출상환 문의 드립니다,"대출,상환,문의","상환,질문"
A6181,대출서비스,1,현금서비스 문의 드립니다,"현금서비스,문의","문의,질문"
A6182,대출서비스,1,현금서비스 자동이체 서비스 문의 드립니다,"현금서비스,자동이체,서비스,문의","자동이체,질문"
A6183,대출서비스,1,현금서비스가 안되요,현금서비스,"현금서비스,서비스"
A6184,대출서비스,1,일시불 금액을 할부로 전환 가능한가요?,"일시불,금액,할부,전환,가능","금액,할부"
A6185,대출서비스,1,현금서비스 문의 드립니다,"현금서비스,문의","문의,질문"
A6186,대출서비스,1,한도 문의 드립니다,"한도,문의","문의,질문"
A6189,"이체,출금, 대출서비스",1,급여이체신용대출 상품이 있나요?,"급여,이체, 대출","이체,돈"
A6190,"이체,출금, 대출서비스",1,학자금대출 은행에서 신청할수 있나요?,"학자금, 은행","은행,금융기관"
A6191,"이체,출금, 대출서비스",1,주택담보대출의 부대비용을 알고 싶은데요.,"대출, 부대비용","부대비용,돈"
A6192,"이체,출금, 대출서비스",1,대출 말소 비용 문의드리려고 하는데요.,"대출, 말소, 비용","말소,돈"
A6193,"이체,출금, 대출서비스",1,전세자금대출 문의드립니다.,대출,"대출,돈"
A6194,"이체,출금, 대출서비스",1,대출내역조회 확인하려는데요.,대출내역조회,"대출내역조회,조회"
A6195,"대출,출금, 대출서비스",1,통장이 없는데 현금출금이 가능한가요?,"통장, 현금출금","현금출금,금액"
A6196,"대출,출금, 대출서비스",1,출금관련 문의 드리려고 한는데요.,"출금,문의",문의
A6264,담보대출,1,담보대출 한도를 알고 싶은데요?,"한도, 이메일, 대출, 담보","이메일,보증"
A6265,신용대출,1,신용대출 문의를 해겠습니다?,"금액, 경우, 대출금, 신용, 대출, 문의","경우,상담"
A6266,신용대출,1,신용대출 한도 문의를 하고싶은데요?,"영업점, 신청, 한도, 신용, 대출, 문의","신청,상담"
A6267,담보대출,1,아파트 담보대출 문의 좀 하겠습니다?,"대출, 문의, 담보, 아파트","문의,주거형태"
A6269,전세담보대출,1,전세담보대출 알아볼 수 있나요?,"대출, 담보","담보,보증"
A6270,전세담보대출,1,전세집을 담보로 하는 대출 상품이 있나요?,"대출, 담보, 상품","담보,물품"
A6271,전세담보대출,1,전세담보대출 받는 방법을 알 수 있을까요?,"대출, 담보","담보,보증"
A6272,주택담보대출,1,주택담보대출 문의를 좀 해도 될까요?,"주택, 대출, 문의, 담보","대출,보증"
A6273,주택담보대출,1,주택담보대출에 대해서 알려주실수 있을까요?,"주택, 대출, 담보","대출,보증"
A6279,전세담보대출,1,전세대출을 받으려고 전화했어요?,"전화, 대출","대출,대부"
A6280,대출,1,대출상품을 문의하고 싶습니다.,"대출, 문의, 상품","문의,물품"
A6281,대출,1,실업자를 위한 대출 상품이 있나요?,"실업자, 대출, 상품","대출,물품"
A6282,신용대출,1,신용대출 관련해서 몇가지 문의해도 되나요?,"신용, 대출, 문의","대출,상담"
A6289,전세담보대출,1,전세대출 문의좀 하겠습니다?,"대출, 문의","문의,상담"
A6290,대출,1,대출상품 문의좀 할게요?,"대출, 문의, 상품","문의,물품"
A6291,대출,1,실업자도 대출 받을 수 있을까요?,"실업자, 대출","대출,대부"
A6292,신용대출,1,신용대출 문의좀 할게요?,"신용, 대출, 문의","대출,상담"
A6294,대출 상담,1,저 대출상담 할 수 있을까요?,"대출, 상담 ","상담,상의"
A6295,대출 상담,1,사업자 전세 대출이 가능한지 궁금합니다.,"가능, 궁금, 대출","궁금,금융서비스"
A6296,대출 상담,1,안녕하세요. 대출 관련해서 문의드려도 될까요?,"대출, 문의",문의
A6297,대출 상담,1,저 대출 신청하려는데 궁금한 것 좀 물어봐도 될까요?,"궁금, 대출, 신청","대출,접수"
A6298,대출 상담,1,안녕하세요. 대출 상담 가능한가요?,"가능, 대출, 상담 ","대출,상의"
A6299,대출 상담,1,저 전월세 보증금 대출때문에 물어보고싶은게 있는데 여기에 물어보는거 맞나요?,"대출, 보증, 보증금","보증,담보"
A6300,대출 상담,1,저 대출 관련해서 좀 여쭤볼게요.,대출,"대출,금융서비스"
A6301,대출 상담,1,저 대출 관련해서 문의 드려도 될까요?,"대출, 문의",문의
A6302,대출 상담,1,저 신혼부부 대출 상담 가능한가요?,"가능, 대출, 부부, 상담 ","대출,상의"
A6303,대출 상담,1,안녕하세요 버팀목 전세자금 대출 문의 좀 드리려구요~,"대출, 문의, 자금","문의,돈"
A6304,대출 상담,1,저 신혼부부 임대차 보증금 문의 좀 드릴게요.,"문의, 보증, 보증금, 부부","보증,배우자"
A6305,대출 상담,1,안녕하세요 신혼부부 대출 관련 문의 드리는 곳 맞나요?,"대출, 문의, 부부","문의,배우자"
A6306,대출 상담,1,안녕하세요 저 학자금 대출 지원 관련해서 문의 좀 드리려구요.,"대출, 문의, 자금, 지원","문의,제공"
A6307,대출 상담,1,저 대출 관련해서 문의 드려도 될까요?,"대출, 문의",문의
A6308,대출 상담,1,저 대출 관련해서 문의 드려도 됩니까?,"대출, 문의",문의
A6309,대출 상담,1,전세대출 상담문의 좀 드립니다.,"대출, 문의, 전세대출","문의,대출"
A6310,대출 상담,1,안녕하세요. 대출 관련해서 문의 좀 드려도 될까요?,"대출, 문의",문의
A6315,대출 상담,1,저 대출상담을 좀 받고싶은데요.,대출,"대출,금융서비스"
A6316,대출 상담,1,저 대출하려면 꼭 은행에 가야하나요?,"대출, 은행, 하나","은행,한개"
A6323,전세자금대출,1,중소기업청년전세대출은 금리가 얼마인가요?,"중소기업청년전세대출, 금리, 얼마","금리,수량"
A6327,전세자금대출금리,1,신혼부부 전세자금 대출 최저금리가 얼마죠?,얼마,"얼마,비용"
A6329,대출상담,1,대출을 받고싶은데 얼마까지 가능할까요?,"대출, 가능","가능,실현"
A6331,학자금대출문의,1,"대학생인데요,학자금대출을 받고싶어서요.","대학생,대출,학자금대출","대출,학생"
A6334,신용대출문의,1,"신용대출을 받고싶은데요,직업이 있어야 할까요?",신용대출 ,"신용대출,대출"
A6335,심사자격문의,1,신용대출 심사는 받기 어렵나요?,"신용대출, 심사","심사,결정"
A6340,대출금리인하,1,담보대출 금리를 낮출수 있을까요?,담보,"담보,보증"
A6349,대출문의,1,전원주택을 대출을 받아서 지으려고하는데 될까요?,"전원주택, 대출","대출,대부"
A6446,대출이력조회문의,1,제 보험도 대출이 될까요?,"보험, 대출","대출,대부"
A6447,신용등급조회문의,1,신용등급 조회 신청은 어디서 하죠? 대출 신청을 할려고 해서 궁금합니다.,"신용등급, 조회, 신청, 대출, 궁금","조회,질문"
A6448,신용정보조회서발급문의,1,"대출을 받으려는데, 은행에서 신용정보조회서를 발급 받아오라고 하네요.","대출, 은행, 신용정보조회서, 발급","은행,개설"
A6451,대출정보노출문의,1,"다른 사람이 제 대출정보 확인하고 그러던데, 그거 못하게 안되요?","대출정보, 확인, 다른, 사람","확인,사용자"
A6452,대출중도상환문의,1,대출금 중도상환도 가능한가요?,"대출금, 중도상환, 가능","중도상환,실현"
A6453,대출이자상환,1,제가 받은 대출의 이자를 좀 알 수 있는가요?,"대출, 이자","이자,금리"
A6455,신용등급관련문의,1,"대출로 상담했었는데, KCB라는 얘기를 하더라구요. 그게 뭔지 너무 궁금해서요..","대출, KCB, 너무, 궁금, 상담","KCB,문의"
A6463,소상공인대출,1,제가 조그만 옷가게를 하는데 대출을 받을수 있을까요?,"옷가게, 대출","대출,대부"
A6467,주택건축대출문의,1,제가 집을 지을 계획인데  대출을 받을수 있을까해서요,"집, 계획, 대출","계획,대부"
A6468,학자금대출,1,학자금대출을 받으려고 하는데 어떤부분이  지원이 되는건가요?,"학자금대출, 지원","지원,서비스"
A6469,대출금이자중복출금,1,"대출금을 저번달에 다 갚았는데 이번달에 이자가 또 빠져나갔어요,어떻게 된일이죠?","대출금, 이자","이자,수수료"
A6470,대출금중도상환,1,대출금을 중도상환하고 싶은데 가능하나요?,상환,"상환,반납"
A6471,대출문의,1,대출이 필요한데 제가 받을수있는지 알아볼수 있을까요?,대출,"대출,대부"
A6472,아파트담보대출,1,"제가 아파트를 담보로 대출을 받았는데요, 추가로 대출을 더 받을 수 있나요?","아파트, 담보, 대출","담보,대부"
A6473,보험대출,1,보험대출 상담도 가능할까요?,"보험대출, 상담","상담,의논"
A6476,전세자금대출,1,전세자금대출에 대해서 문의좀 드릴까해서요.,"전세자금대출, 문의","문의,질문"
A6478,비대면신용대출,1,신용대출을 받을때 직접가지않고 비대면으로 신청할수 있나요?,"신용대출, 비대면, 신청","비대면,청구"
A6479,대출금리인하,1,대출금리를 낮출수 있는 방법이 있을까요?,"대출금리, 방법","방법,방식"
A6481,햇살론대출,1,햇살론 대출이 궁금해서요.,궁금,"궁금,질문"
A6483,대출상담,1,저렴하게 대출받을수 있는 방법은 없을까요?,"대출, 방법","방법,방식"
A6491,카드대출,1,"카드대출을 받으면 받자마자 바로입금되나요?카드대출이 처음이라 몰라서요,","카드대출, 입금, 처음","입금,지급"
A6492,보험대출,1,보험회사에 대출관련 상담을 좀 받고싶어서 계속 전화하는데 왜이렇게 전화연결이 안되는거에요?,"보험회사, 대출, 상담, 전화, 전화연결","대출,통신수단"
A6493,대출문자알림,1,"보험회사에서 방금 문자가 왔는데,이게 무슨 얘기인가요?","보험회사, 문자","문자,문자메시지"
A6494,개인사업자대출,1,개인사업자대출 문의좀 드리려구요.,"개인사업자대출, 문의","문의,질문"
A6497,비상금대출,1,비상금대출이라는걸 어디서 잠깐봤는데 그게 뭐에요?,비상금 ,"비상금,돈"
A6498,카카오뱅크대출,1,OO은행에서 대출받는거는 누구나 다 대출할수 있어요?,"카카오뱅크, 대출","대출,대부"
A6500,대출금상환방법,1,대출금상환에 어떤방법들이 있는지 물어봐도 될까요?,"대출금상환, 방법","방법,방식"
A6501,인터넷대출,1,인터넷대출 신청좀 하고싶은데요.,인터넷 ,"인터넷,온라인"
A6507,원금상환방법변경,1,대출금원금을 매달매달 내고싶은데 가능하나요?,"대출금원금, 매달, 가능","매달,실현"
A6508,급여통장플러스론,1,"급여통장으로 마이너스통장처럼 대출이 된다고 하던데요,","급여통장, 마이너스통장, 대출","마이너스통장,대부"
A6509,대출상환연장,1,대출상환 연장신청 가능할까요?,신청,"신청,가입"
A6510,전세자금대출소득공제,1,대출받은거중에 연말정산때 소득공제 받을수 있는게 있다고 하던데 맞나요?,"대출, 소득공제, 연말정산","소득공제,연말정산"
A6512,신용대출조건,1,신용대출을 받을 수 있는 나이는 몇 살 이상인가요?,"신용대출, 나이, 살, 이상","나이,한도"
A6550,대출서비스 ,1,핀테크서비스가 뭐예요?,핀테크서비스,핀테크서비스
A6551,대출관련 ,1,시장에서 대출해주는 핀테크가 뭔가요?,"시장, 대출, 핀테크","대출,대부"
A6552,"전,월세 대출",1,아파트 월세도 대출이 될까요?,"아파트, 월세, 대출","월세,대부"
A6553,"전,월세 대출",1,아파트 전세 살고 있는데요 대출되나요?,"아파트, 전세, 대출","전세,대부"
A6554,담보대출,1,아파트론 대출방법 알려주시겠어요?,"아파트론, 대출, 방법","대출,방식"
A6555,아파트신용대출,1,아파트론 대출을 하려면 어떤 방법이 가장 좋은가요?,"아파트, 대출, 방법","대출,방식"
A6556,우리은행 대출,1,모바일로 간단하게 대출하는 방법은요?,"모바일, 대출, 방법","대출,방식"
A6557,비상금대출,1,OO은행 대출신청방법과 조건이 뭔가?,"케이뱅크, 대출, 신청, 방법, 조건","대출,요소"
A6644,모바일 대출받기,1,은행 대출을 받으려고 하는데 은행 방문을 해야만 하나요?,"은행, 대출, 방문","대출,내방"
A6646,보험계약대출,1,급하게 현금이 필요한데 대출을 쉽게 받는 방법이 있나요?,"현금, 필요, 대출, 방법","필요,방식"
A6648,"마이너스 통장,대출",1,단기 대출을 알아보려다 마이너스 통장에 대해 들었는데 일반 대출이랑 다른가요?,"단기, 대출, 마이너스통장, 일반, 대출","대출,대부"
A6650,ATM기 대출,1,보험계약대출을 받으려고 하는데 어떻게 해야하나요? ,보험계약 대출,"보험계약대출,대부"
A6651,보험약관대출,1,OO생명에서 보험대출을 할 수 있다는데 되나요?,"OO생명, 보험, 대출","보험,대부"
A6659,직장인대출,1,대출을 받고싶은데 은행에 방문해야 하나요? ,"대출, 은행, 방문","은행,내방"
A6660,마이너스통장과 대출,1,마이너스 통장과 대출은 다른가요?,"마니어스통장, 대출","대출,대부"
A6685,전세금 대출,1,전세금 대출을 받고 싶은데요?,"전세금, 대출","대출,대부"
A6686,카카오뱅크 전세대출,1,OO은행에서 전세금 대출이 가능하다는데 맞나요? ,"카카오뱅크, 전세금, 대출, 가능","전세금,실현"
A6687,카카오뱅크 전월세대출,1,청년 전월세 대출이 있다는데 맞나요?,"청년, 전월세대출","전월세대출,성년"
A6708,전세자금대출문의,1,전세자금 대출과 관련해 문의드릴 게 있습니다. 여기 물어보면 되나요?,"전세금대출, 문의","문의,질문"
A6711,전세대출상담,1,청년 전세대금대출이 어떤건가요?,"청년, 전세, 대금, 대출","전세,보증금"
A6724,장기카드대출,1,장기카드 대출후 대출금은 언제 입금 되나요?,"장기,카드,대출금,입급","카드,금액"
A6726,신용대출조건,1,신용대출은 어떻게 받을수 있나요?,"신용,대출","대출,대금"
A6738,보험계약대출,1,보험계약대출 신청 가능한 기준이 있나요?,"보험,계약,대출,신청,기준","계약,표준"
A6760,전세자금대출,1,전세 대출을 알아 보고 싶있어요,"전세,대출","대출,부동산"
A6771,대출신청철회,1,대출신청을 했는데 혹시 바로 대출 취소가 가능 한가요?,"대출,신청,대출,취소,가능","신청,여부"
A6772,통신신용등급 대출,1,ㅇㅇ은행에 무서류간편대출이라는게 있다던데요?,"무서류,간편,대출","간편,융자"
A6776,군인생활안정자금대출,1,군인생활안정자금대출이라는게 어떤건가요?,"군인,생활,안정,자금,대출","생활,융자"
A6777,지정업체임직원및공무원,1,회사임직원이나 공무원이 받을수 있는 대출이 있나요?,"회사,임직원,공무원,대출","임직원,융자"
A6779,신차구매대출,1,새차를 구입 하려는데 대출을 알아보고 있거든요?,"구입,대출","대출,융자"
A6861,전세대출,1,지금 전세대출을 알아보고 있거든요?,전세대출,"전세대출,대출"
A6864,학자금대출,1,학자금 대출 받으려고 알아보고 있는데요,학자금대출.가능,"학자금대출.가능,허용"
A6874,인터넷 대출,1,"인터넷으로 대출신청했어요,",인터넷 대출 결과,"인터넷대출결과,대부"
A6875,대출금 상환,1,인터넷으로 대출원금 상환이 가능한지 알고 싶은데요,인터넷 대출원금 상환 가능,"인터넷대출원금상환가능,실현"
A6879,소상공인대출,1,제가 옷가게를  하고 있는데 대출을 할 수 있을까요?,"옷가게, 대출","대출,융자"
A6882,약관대출,1,약관대출 하려고 알아 보고 있어요,"보험, 약관대출, 신청","약관대출,청구"
A6883,대출 문의,1,"햇살론이라는게 있던데요, 어떤 대출인가요?","햇살론, 대출, 궁금","대출,질문"
A6885,대출 금리,1,대출금리 낮추는 방법이 있나요?,"대출금리, 방법","방법,방식"
A6886,약관대출,1,약관대출 신청 하려고 알아 보고 있습니다,"약관대출, 신청","신청,청구"
A6890,보험계약대출,1,보험계약대출 때문에 상담 좀 받고 싶은데요,보험계약대출.지금.상담.가능,"보험계약대출.지금.상담.가능,문의"
A6891,청년전세대출,1,중소기업 청년 전세대출이라는게 있더라구요.,중소기업.청년.전세대출,"중소기업.청년.전세대출,대부"
A6896,담보 대출,1,대출을 받아서 주택을 지으려고 하는데요?,"주택, 대출","대출,대부"
A6902,전세자금대출,1,전세자금대출을 받았는데요?,전세자금대출,"전세자금대출,대출상품"
A6903,대출 자동 연장,1,대출만기가 다되가는데요,"대출,만기","만기,기간"
A6905,무직자대출,1,무직자대출을 받고 싶은데 지금 가능할지 모르겠네요,"무직자,대출,가능","대출,융자"
A6906,신혼부부 대출,1,신혼부부 매매대출을 알아보고 있어요,"신혼부부,대출","대출,융자"
A6907,급전 대출,1,급전 대출을 알아 보고 있습니다,대출,"대출,융자"
A6908,대환 대출 가능여부,1,대환대출 가능여부 확인을 하고 싶은데요,"대환,대출,가능,확인","대출,여부"
A6909,전세 대출,1,전세 대출에 대해 알아보고 있어요,대출,"대출,융자"
A6913,주부 신용 대출,1,신용카드한도대출 문의 드립니다.,"신용카드,한도,대출","한도,융자"
A6914,무직신용대출,1,신용카드대출 알아보는중인데..,"신용카드,대출","대출,융자"
A6916,현금서비스,1,단기카드대출(현금서비스) 를 받으면 할부 금액처럼 나눠서 낼수없나요?,"카드,대출,할부","대출,분납"
A6918,약관대출,1,2개월 전에 약관대출 알아봤었는데요..,"약관,대출","대출,계약"
A6921,자동차 담보 대출,1,자동차 담보 대출을 알아보고 있어요,"자동차,담보,대출","담보,보증"
A6937,아파트담보대출,1,아파트 담보대출 신청이 가능할까요?,아파트 담보대출 신청 가능,"아파트담보대출신청가능,접수"
A6938,전세자금대출,1,전세자금 대출 받고 싶은데 요즘 금리가 몇프로에요?,"전세자금대출, 금리","금리,이자율"
A6939,부동산담보대출,1,대출 받고 싶은데 가능한가요?,대출,대출
A6940,신용대출조건,1,신용대출은 어떻게 받을 수 있나요?,어떻게,"어떻게,방법"
A6961,신용대출,1,신용대출 상담 가능한가요?,신용.대출.상담,"신용.대출.상담,문의"
A6970,학자금대출,1,학자금 대출 받고싶은데 가능한가요?,학자금대출.가능,"학자금대출.가능,허용"
A6971,예금담보대출,1,예탁금 담보대출 신청 가능한가요?,담보대출.신청.가능,"담보대출.신청.가능,허옹"
A6973,전세자금대출,1,전세자금대출 받으려고 하는데 신청할수 있을까요?,전세자금대출.신청,"전세자금대출.신청,가입"
A6988,대출,1,안녕하세요 대출건으로 문의드리고 싶은데요?,대출.문의,"대출.문의,질문"
A6994,중소기업청년전세대출,1,중소기업 청년 전세대출이라는게 있던데 무엇인가요?,중소기업.청년.전세대출,"중소기업.청년.전세대출,대부"
A7027,학자금대출,1,학자금 대출 받으려고 하는데 되나요?,학자금.대출,"학자금.대출,대부"
A7028,예금담보대출,1,안녕하세요. 담보대출 신청하려하는데 되나요?,담보대출.신청,"담보대출.신청,청구"
A7039,대학생학자금대출,1,학자금 대출 받으려면 어디에 문의하면 될까요?,학자금.대출.어디.문의,"학자금.대출.어디.문의,질문"
A7088,대출상담,1,소액대출을 받고 싶어 연락드렸습니다.,"소액대출,연락","연락,대부"
A7089,대출상담,1,근로자 햇살론이라는게 있던데 뭔가요?,"근로자, 햇살론","햇살론,금융상품"
A7090,학자금대출,1,학자금 대출을 받고 싶은데 대출하고 상환 방법좀 알려주세요.,"학자금대출,상환방법","상환방법,대출종류"
A7098,예금담보대출,1,제가 은행에 돈을 저금해 놓은게 있는데 혹시 저금 담보로 대출할 수 있나요?,"은행,돈,저금,담보,대출","돈,금융기관.대부"
A7106,주택담보대출,1,주택구입하려하는데 담보대출 할수 있을까요?,주택구입.담보.대출,"주택구입.담보.대출,대부"
A7107,대출문의,1,대출건의로 문의드리려구요?,대출.문의,"대출.문의,전화"
A7108,전세자금대출,1,전세자금 대출 받으려고 하는데요?,전세자금.대출,"전세자금.대출,대부"
A7110,신용대출조건,1,신용대출 가능한가요?,신용대출.가능,"신용대출.가능,실현"
A7121,급여이체통장대출,1,제가 회사원인데 마이너스 통장을 만들수 있나요?,회사원.마이너스.통장,"회사원.마이너스.통장,직업"
A7122,대출상환연장,1,대출금 상환 연장도 할수있나요?,대출금.상환.연장,"대출금.상환.연장,갚음"
A7123,학자금대출문의,1,학자금 대출은 등록금을 대출해주나요?,학자금대출.등록금,"학자금대출.등록금,대출종류"
A7124,농어촌학자금대출문의,1,농촌에 살고있는데 학자금 대출시 우대받을수 있다는데 맞나요?,농촌학자금대출.우대,"농촌학자금대출.우대,대우"
A7125,신용대출문의,1,제 대출한도만 알아봐도 신용조회 기록이 남는다고 하는데 맞나요?,대출한도.신용조회.기록,"대출한도.신용조회.기록,입력"
A7130,대출금중도상환,1,제가 대출받은게 있는데 몫돈이 생겨 조금 갚으려고 하는데 되나요?,대출.몫돈,"대출.몫돈,대부"
A7131,카드대출문의,1,카드대출받으면 언제 입금이 되나요?,카드대출.입금,"카드대출.입금,예금"
A7133,신용대출상담,1,"신용대출 상담을 받고 싶은데, 여기서도 가능한가요?","신용대출, 상담, 가능","상담,실현"
A7258,전세금 대출,1,전세금 대출을 받고 싶은데요. 문의해도 될까요?,"전세금대출, 문의","문의,상담"
A7261,주택 담보 대출,1,주택을 담보로 대출을 받을 수 있나요?,"주택, 담보, 대출","담보,대부"
A7269,디딤돌 대출,1,디딤돌 대출을 알아보고 싶어요.,디딤돌대출,"디딤돌대출,대부"
A7278,무보증대출,1,급여이체하면 대출을 받을 수 있다던데요?,"급여이체, 대출","대출,대부"
A7279,전세자금대출연장,1,대출 상환을 연장할 수있다던데 맞나요?,"대출상환, 연장","연장,갱신"
A7280,대출소득공제,1,대출 받은것도 소득공제 받는다던데요 맞나요?,"대출, 소득공제","소득공제,제도"
A7281,대출연장,1,대출 연장 신청방법이 어떻게 되나해서요?,"대출, 연장, 신청방법","연장,갱신"
A7284,약관대출,1,보험회사에서 해주는 대출이 어떤건지 알아보려구요?,"보험회사, 대출","대출,대부"
A7285,약관대출금액,1,그 전에 대출을 한번 알아봤었거든요. 근데 이번에 알아보니까 대출액수가 줄었더라구요 그게 바뀌나요?,"대출, 대출액수","대출액수,대부"
A7286,주택건축자금대출,1,대출받아서 집지으려는데 대출될까요?,"대출, 집","집,가정"
A7290,예탁금담보대출,1,대출알아보던중에 예탁금 담보대출이라는 걸 봤는데요.. 뭔지 알아볼 수 있을까요?,"대출, 예탁금, 담보대출","예탁금,예적금"
A7291,학자금대출,1,학자금 대출에서 어떤 부분을 지원해주나요?,"학자금대출, 지원","지원,도움"
A7292,학자금대출방법,1,학자금 대출중에 농어촌 학생에게 유리한 대출이 있던데 농어촌에 살고 있으면 대출을 받을 수 있나요?,학자금대출,"학자금대출,대출"
A7293,대출상담,1,대출알아보면 신용조회기록이 남는다던데 대출알아본것만으로 그렇게 되요?,"대출, 신용조회","신용조회,대부"
A7294,대출방법,1,인터넷대출이 있나요?,인터넷대출,"인터넷대출,대출"
A7295,대출상환방법,1,대출상황방법에 어떤 것들이 있고 어떤게 저한테 맞는지 알아보고 싶습니다.,"대출상환, 방법","방법,방식"
A7297,카카오뱅크대출,1,카카오 뱅크에도 대출이 있던데 신청자격이 따로 있나요?,"카카오뱅크, 대출, 신청자격","대출,대부"
A7298,비상금대출,1,얼마전에 은행을 지나면서 비상금대출을 봤는데 상담이 가능한가요?,"은행, 비상금대출, 상담","비상금대출,문의"
A7299,대출신청,1,대출접수를 하려구요,"대출, 접수","접수,등록"
A7304,사업자대출,1,개인사업자입니다. 개인사업자 대출이라는게 있다던데요?,"개인사업자, 대출","대출,대부"
A7306,카드대출,1,카드로 대출하면 대출금은 언제 입금이 되나요?,"카드, 대출, 입금","대출,예금"
A7310,신용대출,1,신용대출상담 가능할까요?,"신용대출상담, 가능","가능,실현"
A7345,햇살론 대출,1,햇살론이 뭐에요?,햇살론,"햇살론,대출"
A7350,예탁금 담보대출,1,예탁한 돈을 담보로 돈을 빌리는걸 뭐라고 하나요?,"예탁,돈,담보","돈,보증"
A7363,대출서비스,1,골드고객은 인너넷 전자서명 대출 대상고객이되는지 문의해도 되나요,고객,"고객,손님"
A7374,대출서비스,1,인터넷 대출 신청 결과 문의좀 하려구요?,인터넷 대출 신청 결과,"인터넷대출신청결과,요청"
A7375,대출서비스,1,학자금 상환을 급여에서 이체방법 문의요?,대출원금 상환 폰뱅킹,"대출원금상환폰뱅킹,급여이체"
A7468, 대출,1,  잔기카드대출 문의좀 하려고요?,문의,"문의,질문"
A7469, 대출,1, 메디칼 네트워크론 대출신청이요?,대출,"대출,금융상품"
A7470, 대출,1, 기업 네트워크론이 어떤것인지 제대로 알아보려구요,기업,"기업,회사"
A7471, 대출,1, CMA 발행어음 문의입니다,문의,"문의,질문"
A7481,네이버대출,1, 네이버 대출 문의요,대출,"대출,금융상품"
A7509,대출서비스,1, 주택담보 대출 부대비용문의하려고 하는데요?,문의,"문의,질문"
A7596,보험계약대출,1,보험계약에서 대출이 가능한가요?,보험계약/대출/가능,"대출,약관대출"
A7712,대출서비스,1,보험 가입이 되어 있습니다,보험가입,"보험가입,가입"
A7713,대출서비스,1,보험계약 대출 신청하려고 합니다,"보험계약대출,신청","신청,조건"
A7714,대출서비스,1,법인입니다,법인,"법인,회사"
A7715,대출서비스,1,보험 대출 문의 드립니다,"보험,대출,문의","대출,질문"
A7716,대출서비스,1,대출서비스 문의 드립니다,"대출서비스,문의","문의,질문"
A7717,대출서비스,1,보험계약 대출 문의 드립니다,"보험계약,대출",대출
A7720,대출서비스,1,전화로도 대출 신청 할 수 있나요?,"전화,대출,신청","대출,신청"
A7722,대출서비스,1,대출문의드립니다,대출문의,"대출문의,문의"
A7724,대출서비스,1,대출금 상환 문의 드립니다,"대출금,상환,문의","상환,질문"
A7725,대출서비스,1,대출도 나중에 소득공제 받을 수 있나요?,"대출,나중,소득공제","나중,공제"
A7726,대출서비스,1,대출 일부 상환 문의 드립니다,"대출,일부,상환,문의","일부,질문"
A7727,대출서비스,1,전화대출 문의 드립니다,"전화대출,문의","문의,질문"
A7728,대출서비스,1,전화대출 신청을 하였습니다,"전화대출,신청",신청
A7729,대출서비스,1,대출 만기 문의 드립니다,"대출,만기,문의","만기,질문"
A7881,보험약관대출,1,가입되어있는 보험으로 약관대출을 받아고싶은데 얼마까지 받을수 있나요?,"가입, 보험, 약관대출, 얼마","보험,양"
A7886,약관대출한도,1,"약관대출을 받으려고 알아보니 제가 몇달전에 문의드렸을때보다 금액이 많이 낮아졌어요,왜 그런거에요?","약관대출, 몇달전, 문의, 금액","몇달전,액수"
A7890,약관대출,1,보험회사에서 대출을 받을수 있나요?,"보험회사, 대출","대출,돈"
A7932,보험계약대출문의,1,"보험계약대출을 받고싶은데요,제가 대출받는 사실을 제 보험 설계사가 알 수 있나요?","보험계약대출, 대출, 보험, 설계사","대출,금융상품"
A8100,약관대출이자관련문의,1,"여보세요, 약관대출 이자가 두번 출금되서 환급해 준다고 했는데, 왜 아직도 처리가 안되는거죠?","약관대출, 이자, 두번, 출금, 환급, 처리","이자,해결"
A8101,약관대출이용문의,1,"보험 약관대출을 받고싶은데, 제가 직접 하는 방법이 있는가요?","보험, 약관대출, 직접, 방법","약관대출,방식"
A8102,보험계약대출문의,1,오늘 온 문자에 보험계약대출 서비스가 있다고 하더라구요?,"문자, 보험계약대출, 서비스","보험계약대출,지원"
A8103,보험약관대출문의,1,"보험약관 대출을 신청할려고 찾고있는데, 아거 컴맹이라 넘 힘드네요. 알려주실 수 있나요?","보험약관, 대출, 신청, 컴맹","대출,요청"
A8104,약관대출,1,보험회사에도 대출을 받을수있다고 하던데 어떻게하면 받을수있나요?,"보험회사, 대출","대출,대부"
A8306,약관대출,1,00생명 보험약관 대출을 하려면 어떻게해야할까요?,"보험, 약관, 대출","약관,대부"
A8307,약관대출,1,어머니가 보험료를 내주시데 제가 대출 신청해도 되나요?,"어머니, 보험료, 대출, 신청","보험료,요청"
A8313,보험약관대출,1,보험약관대출 받고 싶은데요?,"보험,약관,대출","약관,계약"
A8421,보험계약대출,1,"제가 보험계약대출을 받았는데요, 혹시 다른 사람이 제가 대출받은걸 알수 있나요?",보험계약.대출.사람.내역,"보험계약.대출.사람.내역,대부"
A8422,대출계약,1,대출계약에 대해 궁금한 사항이 있어서요,대출계약/신용회복/대출금/전액/상환,"신용회복,금액"
A8511,약관대출,1,보험계약대출을 받으려고 하는데 지금 상담 가능한가요?,보험계약대출.지금.상담.가능,"보험계약대출.지금.상담.가능,허용"
A8513,담보추가대출,1,아파트 담보 대출을 받았는데 추가로 더 받을수 있나요?,아파트.담보.대출.추가,"아파트.담보.대출.추가,대부"
A8529,보험대출,1,혹시 보험계약 대출을 받으면 다른사람이 제 내역을 알수 있나요?,보험계약.대출.사람.내역,"보험계약.대출.사람.내역,대부"
A8563,보험계약대출,1,보험대출이란것도 있나요?,보험대출,"보험대출,대부"
A8628,전화대출상담,1,대출을 받고 싶은데요 어떻게 하면 되나요?,대출,"대출,대부"
A8629,전화대출상담,1,창구에 가지 않고 대출을 받고 싶은데요.,"창구, 대출","대출,대부"
A8630,담보대출상담,1,대출받고 싶은데 저희 집 담보로 얼마까지 되는지 알고 싶어요,"집, 담보, 대출","담보,대부"
A8654,보험 약관 대출,1,보험 약관대출 받고 싶으데 되나요?,보험약관대출,보험약관대출
A8655,보험 약관 대출,1,제가 얼마전에 약관대출 받으려고 알아봤을때보다 지금 좀 적어진거 같은데 왜그런가요?,약관대출,"약관대출,대부"
A8656,인터넷보험대출,1,보험약관대출건에 대해 문의드려도 될까요?,보험약관대출.문의,"보험약관대출.문의,설명"
A8674,보험계약대출,1,보험사에서 대출도 받을수 있나요?,보험사. 대출,"보험사.대출,대부"
A8751,대출금상환,1,대출금을 매월 나누어 상환하는 걸로 하고 싶은데 할 수 있나요?,상환,"상환,반납"
A8753,약관대출,1,제가 보험사에서 문자를 받았는데 제가 대출중이라는 뜻인건지 이해가 안되어서요?,"보험사, 문자, 대출","문자,대부"
A8754,대출안내,1,00생명 고객센터 전화번호가 뭔가요?,"00생명, 고객센터, 전화번호","고객센터,핸드폰번호"
A8755,보험대출,1,보험계약대출을 받았는데 그 내용을 다른사람이 알 수 있나요?,"보험계약대출, 내용","내용,내역"
A8756,대출신청오류,1,보험계약대출인가 그거 가능하다해서 신청하려고 합니다. 도와주시겠어요?,"계약대출, 가능, 신청","가능,요청"
A8757,대출금상환,1,대출금 상환일이 아닌데 상환하려고요?,상환,"상환,반납"
A8766,보험 약관 대출,1,보험 약관대출이라는게 있다던데 저도 받을 수 있나요?,보험,"보험,상품"
A8767,보험 약관 대출,1,약관대출 금액을알아보니 얼마전에 알아봤던것보다 더 적어졌어요 왜 그럴까요?,"약관대출,금액","금액,돈"
A8768,보험 약관 대출,1,보험회사에서 대출도 해주나요?,"보험사,대출","대출,대부"
A9130, 보험대출,1, 보험사에서도 대출이 되나요?,보험사,"보험사,기관"
A9133, 모기지론,1, 집을 샀는데요 보험대출 알아보려구요,대출,"대출,금융상품"
A9135, 모기지론,1, 보험사대출 받으면 일반은행 신용이 떨어지나요?,대출,"대출,금융상품"
A9136, 모기지론,1, 다주택지 주택담보 대출 가능할까요?,대출,"대출,금융상품"
A9137, 약관대출,1, 약관대출  하려고 하는데요 몇가지 물어보려구요?,대출,"대출,금융상품"
A9155, 보험대출,1, 아들이 대학생인데요 학자금 대출 문의하려고요?,대학생,"대학생,학생"
A11443,아파트담보대출,1,"현금이 급히 필요해서 그런데, 아파트 담보대출로 가능할까요?","현금, 아파트, 담보대출","아파트,공동주택"
A11453,보험계약대출,1,보험계약 대출 받으려 합니다.,보험/계약/대출,"계약,대출"
A11469,출금,1,보험계약대출 문의 드립니다,"보험계약대출,문의","문의,질문"
A11474,출금,1,대출 이자가 미납되었습니다,"대출이자,미납","미납,이자"
A11481,원리금납입,1,제가 대출 한게 있는데 지금 상환하면 수수료가 있나요?,"대출, 수수료, 상환","수수료,변제"
A11485,대출금리,1,대출금리를 인하도 가능하다고 해서요 ,대출금리,"대출금리,듬리"
A11486,보험대출,1,안녕하세요 보험상품으로 대출 가능한가요?,보험상품,"보험상품,금융상품"
A11487,대출이용,1,요새 서류 없이 신용대출이 가능하다던데 ,"온라인, 신용대출","신용대출,융자"
A11792,대출 신청,1,보험으로 약관대출을 받을 수 있을까요?,"보험,약관대출","약관대출,대출-금융상품"
A11816,대출,1,가입한 보험으로도 대출이 가능한가요?,"가입,보험,대출,가능","보험,계약"
A11821,대출,1,저도 대출을 받고 싶은데 어떤게 가능할까요?,"대출,가능","가능,대출-금융상품"
A11822,대출 신청,1,제가 약관대출을 받을 수 있을까요?,"보험,약관대출","약관대출,계약대출"
A11840,대출 신청,1,제가 보험을 들고 있는데 그 보험으로 약관대출을 받고 싶은데요.,"보험,약관대출","약관대출,계약대출"
A12148,대출서비스,1,약관대출 알아보려구요,"약관대출,알아보려","알아보려,조회"
A12149,대출서비스,1,약관대출 알아보려구요,"약관대출,알아보려","알아보려,조회"
A12150,대출서비스,1,약관대출 알아보려구요,"약관대출,알아보려","알아보려,조회"
A12151,대출서비스,1,약관대출 알아보려구요,"약관대출,알아보려","알아보려,조회"
A12152,대출서비스,1,약관대출 알아보려구요,"약관대출,알아보려","알아보려,조회"
A12153,대출서비스,1,약관대출 가능액 알아보려구요,"약관대출,알아보려","알아보려,조회"
A12154,대출서비스,1,약관대출 알아보려구요,"약관대출,알아보려","알아보려,조회"
A12155,대출서비스,1,약관대출 알아보려구요,"약관대출,알아보려","알아보려,조회"
A12156,대출서비스,1,약관대출 알아보려구요,"약관대출,알아보려","알아보려,조회"
A12157,대출서비스,1,약관대출 알아보려구요,"약관대출,알아보려","알아보려,조회"
A12158,대출내역조회,1,보험에서 받은 대출이 얼마나 되죠?,"보험,받은대출,얼마","받은대출,대출잔액"
A12159,대출내역조회,1,신용대출 받은게 얼마나 남았죠?,"신용대출,얼마","얼마,잔액"
A12160,대출내역조회,1,보험에서 받은 대출금이 얼마나 되죠?,"보험,받은대출,얼마","받은대출,대출잔액"
A12161,대출내역조회,1,아파트 담보대출 내역 알려주세요,"담보대출,내역,알려","내역,가르쳐"
A12162,대출내역조회,1,약관대출 내역좀 알려주세요,"약관대출,내역","내역,세부내역"
A12163,대출내역조회,1,보험대출 내역 알고 싶어요,보험대출내역,"보험대출내역,보험대출세부내역"
A12164,대출내역조회,1,약관대출 내역좀 알려주세요,"약관대출,내역","내역,세부내역"
A12165,대출내역조회,1,신용대출 잔액이 얼마나 남았죠?,"신용대출,잔액","잔액,거래내역"
A12166,대출내역조회,1,약관대출 내역좀 알려주세요,"약관대출,내역","내역,세부내역"
A12167,대출내역조회,1,제가 받고 있는 대출내역을 알려주세요,대출내역,대출내역
A12175,출금,1,대출이자 출금해 주세요,"대출이자,출금","출금,인출"
A12177,출금,1,대출금 상환을 하고 싶어요,"대출금,상환","상환,갚는"
A12181,출금,1,대출금 상환을 하고 싶어요,"대출금,상환","상환,갚는"
A12182,출금,1,대출금 상환을 하고 싶어요,"대출금,상환","상환,갚는"
A12188,대출 서비스,1,보험 대출 받으려고요,"보험,대출","대출,금융상품"
A12189,대출 서비스,1,보험약관 대출을 알아보고 싶습니다.,"보험,약관,대출","약관,계약"
A12190,보험 대출,1,보험으로 대출 받고싶습니다,"보험,대출","대출,금융상품"
A12191,보험 대출,1,보험계약대출 신청 가능 조건 말해주세요,"보험,계약,대출,신청,가능,조건","계약,금융상품"
A12192,보험 대출,1,보험약관 대출 원해요,"보험,약관,대출","약관,금융상품"
A12193,보험 대출,1,보험 대출 얼마나 되나요?,"보험,대출","대출,금융상품"
A12196,대출 서비스,1,보험으로 대출 받을 수 있다고 해서요 해주세요,"보험,대출","대출,금융상품"
A12197,보험 대출,1,보험계약대출은 언제까지 상환해야 합니까?,"보험,계약,대출,상환","계약,금융상품"
A12200,보험 대출 서비스,1,보험계약대출 알려주세요,"보험,계약,대출","계약,금융상품"
A12201,보험 대출 서비스,1,보험계약대출이 뭐죠?,"보험,계약,대출","계약,금융상품"
A12206,보험 약관 대출,1,보험약관 대출을 알아보고 싶습니다.,"보험,약관,대출","약관,계약"
A12258,보험대출문의,1,수고하십니다 보험대출에 대해 궁금한게 있어 전화드렸습니다,"보험대출, 궁금, 전화","궁금,통화"
A12259,보험대출해지,1,수고하십니다 보험대출 해지건에 대해 여쭤볼께 있어서요,"보험대출, 해지","해지,해약"
A12260,보험대출문의,1,제가 가입한 보험에서 대출이 가능한지 궁금해요,"가입, 보험, 대출","보험,신용대출"
A12261,보험대출문의,1,수고하십니다 보험대출에 관해 질문할께 있어서요,보험대출,"보험대출,대출"
A12411,전세자금대출금리,1,신혼부부 전세자금 대출 최저금리가 얼마죠?,"신혼부부, 전세자금, 대출, 최저금리","전세자금,금리"
A12412,신용대출조건,1,신용대출을 받을 수 있는 나이는 몇 살 이상인가요?,"신용대출, 나이, 살, 이상","나이,한도"
A12416,담보대출,1,대출 받고 싶은데요 어느정도 받을수 있나요?,대출,"대출,한도"
A12439,신용대출,1,신용대출 받고 싶어요,,
A12446,단기카드대출,1,문자메세지에 단기카드대출금액 한도가 100만원으로 되어있어요,문자메세지,"문자메세지,SMS"
A12447,대출금리,1,신용대출 금리 인하를 받을 수 있나요?,금리,"금리,이자율"
A12451,학자금대출,1,학자금 대출이 필요해서요.가능한가요?,학자금,"학자금,학비"
A12452,예금담보대출,1,예탁금 담보대출 신청할려구요,담보대출,"담보대출,신용대출"
A12454,전세자금대출,1,제가 전세자금대출을 받을 수 있을까요?,대출,"대출,대부"
A12461,담보대출,1,지금 가입되어진 적금으로 담보대출을 받을 수 있나요?,적금,"적금,예적금"
A12473,대출,1,문의 드릴께요. 갑자기 급전이 필요해서요,급전,"급전,급한돈"
A12484,대출문의,1,신용대출을 받고 싶은데 얼마나 받을 수 있을까요?,신용대출,"신용대출,수량"
A12486,담보대출,1,단독주택을 지으려고 하는데 대출받을 수 있나요?,"단독주택,대출","대출,대여"
A12487,대출이율,1,대출이율이 가장 싼 은행은 어디인가요?,"대출,이율,은행","이율,금융기간"
A12490,신용대출문의,1,1억원을 15일간만 신용대출하는게 가능한가요?,신용대출,"신용대출,대출"
A12492,부동산담보대출,1,대출을 받고 싶은데 얼마까지 받을 수 있나요?,대출,"대출,금융거래"
A12493,신용대출조건,1,신용대출을 받고 싶은데 가능한가요?,신용대출,"신용대출,대출"
A12540,대학생학자금대출,1,대학신입생인데 학자금대출을 받을려면 어디에 문의하면 될까요?,"신입생,학자금대출","학자금대출,신입생학자금대출"
A12544,주택담보대출,1,안녕하세요 주택구입시 담보대출이 가능할까요?,"주택구입, 대출",대출
A12545,대출문의,1,직장인 대출이 가능할까요?,"직장인, 대출","대출,금융거래"
A12546,전세자금대출,1,전세자금대출이 될까요?,전세자금대출,"전세자금대출,대출"
A12554,신용대출조건,1,신용대출을 받고 싶은데 나이제한이 있나요?,신용대출,"신용대출,대출"
A12563,학자금대출,1,학자금 대출을 받고 싶은데 어떻게 하면 될까요?,학자금대출,"학자금대출,대출"
A12566,아파트담보대출,1,아파트 담보대출 신청이 가능할까요?,담보대출,"담보대출,대출"
A12579,신용대출 문의,1,신용대출 문의드립니다. 대출을 받을 수 있는 나이는 어떻게 되나요.,"신용대출, 나이, 살, 이상","나이,한도"
A12584,전세자금대출,1,전세자금 대출 받을려고 합니다. 최저금리도 알고싶습니다.,"신혼부부전세자금대출, 최저금리","최저금리,대출"
A12585,신용대출조건,1,신용대출 문의드립니다.,신용대출,"신용대출,대출"
A12590,전세자금대출,1,"청년 전세자금 대출을 받을려고 하는데, 최저금리가 얼마인지 알수 있을까요?","청년,대출,금리","대출,전세자금"
A12595,아파트담보대출,1,아파트 담보대출 신청이 가능할까요?,아파트 담보대출 신청 가능,"아파트담보대출신청가능,접수"
A12596,전세자금대출,1,전세자금 대출 받고 싶은데 요즘 금리가 몇프로에요?,"전세자금대출, 금리","금리,이율"
A12597,부동산담보대출,1,대출 받고 싶은데 가능한가요?,대출,"대출,금융거래"
A12598,신용대출조건,1,신용대출은 어떻게 받을 수 있나요?,신용대출,"신용대출,금융거래"
A12611,학자금대출문의,1,학자금 대출을 받고 싶습니다.,학자금대출/대출문의,대출문의
A12612,학자금대출문의,1,학자금 대출 중 생활비도 받을 수 있나요?,학자금대출/생활비문의,생활비문의
A12681,이체,1,대출금 이체 문의 드립니다,"대출금,이체,문의","이체,질문"
A12694,이체,1,대출금 자동이체 문의 드립니다,"대출금,자동이체","자동이체,이체"
A12724,대출,1,마이너스통장 만들 수 있나요?,"마이너스,통장","통장,계좌"
A12725,대출,1,햇살론 문의 합니다,"햇살론,문의","문의,질문"
A12732,비대면 대출한도,1,비대면으로 신용대출 받을 수 있나요?,"비대면, 신용대출","신용대출,융자"
A12740,학자금대출,1,학자금 대출 관련해서요,학자금 대출,"학자금대출,대출"
A12741,대출문의,1,전세자금 대출 조건에 대해 궁금합니다. ,전세자금,"전세자금,돈"
A12750,대출,1,마이너스통장은 직장인이면 누구나 발급받을수 있나요?,"통장,직장인","직장인,사람"
A12760,대출,1,신용대출을 받고 싶은데 인터넷으로 가능한가요?,"신용대출,인터넷","인터넷,통신수단"
A12761,대출,1,자동차 구입시에 대출이 가능한가요?,"자동차, 대출",대출
A12762,대출,1,자동차를 담보로 대출가능상품이 있나요?,"자동차, 담보",담보
A12763,대출,1,중고차 구입시에도 대출을 받을수 있나요?,"중고차,대출",대출
A12767,대출,1,모바일 뱅킹을 통해서 예금담보대출을 받을수 있나요?,"모바일 뱅킹, 예금담보대출","예금담보대출,대출"
A12769,대출,1,펀드 담보 대출에 대해 문의드릴께 있는데요.,펀드담보대출,"펀드담보대출,대출"
A12770,대출,1,외국인도 대출이 가능한가요?,"외국인, 대출",대출
A12781,대출,1,인터넷으로 통장담보대출 받을수 있나요?,"인터넷,통장담보대출","통장담보대출,대출"
A13153,대출금리,1,안녕하세요. 대출 금리 관련 질문이 있습니다. ,"대출, 금리, 질문","금리,문의"
A13160,전세자금대출,1,신혼부부 전세 대출을 신청하려고 합니다. ,,
A13161,전세자금대출,1,안녕하세요. 전세 대출 문의하려고 하는데요. ,"전세대출, 문의","문의,질문"
A13171,전세자금대출,1,전세자금대출 받으려고요. ,전세자금대출,"전세자금대출,대출"
A13231,대출 문의 ,1,안녕하세요. 대출 문의 드립니다,"대출, 문의",문의
A13244,대출 문의 ,1,안녕하세요. 대출 문의 하려구요. ,"대출, 문의","문의,금융거래"
A13263,군인대출,1,안녕하세요. 직업군인인데 대출을 받을 수 있을까요?,"직업군인, 대출","대출,금융서비스"
A13264,전세대출,1,전세대출 받고싶은데 안내 좀 부탁드릴게요. ,전세대출,"전세대출,대출"
A13268,신용대출,1,안녕하세요. 대출 받으려고 하는데요. ,대출,"대출,금융서비스"
A13274,담보대출,1,담보대출 문의 좀 드리겠습니다. ,담보대출 ,"담보대출,대출"
A13275,신용대출,1,신용대출 신청은 은행에 가서해야하는건가요?,신용대출 ,"신용대출,대출"
A13283,전문직 대출,1,안녕하세요. 제가 치전을 다니는데 대출을 받을 수 있나해서요. ,대출,"대출,대부"
A13284,전문직 대출,1,안녕하세요. 대출 상담을 좀 하려고 합니다. ,대출,"대출,대부"
A13285,전문직 대출,1,안녕하세요. 아까 닥터클럽 대출 상담했었는데요. ,대출,"대출,금융서비스"
A13286,창업 대출,1,제가 창업을 생각중인데 대출을 좀 알아보려고 합니다. ,"창업, 대출","대출,금융서비스"
A13287,외화 대출,1,외화대출 좀 상담받고 싶은데요. ,외화대출,"외화대출,대출"
A13288,직장인 대출,1,안녕하세요. 직장인대출 알아보고 있는데요. ,직장인대출,"직장인대출,대출"
A13289,연구원 대출,1,안녕하세요. 제가 연구원인데 연구원대상 대출이 따로 있어요?,"연구원, 대출","대출,직장"
A13290,공무원 대출,1,공무원 전용 신용대출이 있습니까?,"공무원, 신용대출","신용대출,대출"
A13291,공무원 대출,1,전화로 대출 상담도 해주시나요?,대출,"대출,금융서비스"
A13292,공무원 대출,1,공무원대출 인터넷에서도 신청할 수 있어요?,공무원대출,"공무원대출,대출"
A13293,공무원 대출,1,공무원시험 준비 중인데 공무원대출을 받을 수 있을까요?,공무원대출,"공무원대출,대출"
A13294,자동차 대출,1,차를 새로 사려고 하는데 대출을 좀 받을 수 있을까요?,"차, 대출","대출,금융서비스"
A13295,자동차 대출,1,자동차 대출 받을 수 있어요?,"자동차, 대출","대출,금융서비스"
A13296,대출 조회 ,1,인터넷으로 대출을 신청하긴 했는데 잘 된건지 모르겠어요. ,"대출, 신청","신청,접수"
A13297,대출 조회 ,1,얼마 전에 대출을 했는데요. ,대출,"대출,금융서비스"
A13298,대출 상담,1,대출하려고 홈페이지를 보고있는데 궁금한 점이 있어서요. ,"궁금, 대출","대출,금융서비스"
A13299,대출기한 연장,1,대출기한을 좀 연장할 수 있어요?,대출,"대출,금융서비스"
A13300,대출 상담,1,여기 인테리어대출이 된다고 하던데요?,인테리어대출,"인테리어대출,대출상품"
A13301,대출 상담,1,집을 사려고 대출을 좀 받으려고 하는데 질문 좀 드리겠습니다.  ,"집, 대출","대출,금융서비스"
A13302,대출 상담,1,대출 상담을 좀 하려고 합니다. ,대출,"대출,금융서비스"
A13303,보증금 대출,1,보증금 때문에 그러는데 보증금 대출도 있어요?,"대출, 보증금","보증금,담보"
A13304,대출 상담,1,아직 결혼하지 않았는데 신혼부부 대출이 가능할까요?,신혼부부대출,"신혼부부대출,대출"
A13305,대출 상담,1,신혼부부 대출 상담 받으려고 하는데요. ,신혼부부대출,"신혼부부대출,대출"
A13306,대출 상담,1,안녕하세요. 전세대출 상담 좀 해주세요. ,전세대출,"전세대출,대출"
A13307,대출 상담,1,취준생도 대출을 받을 수 있을까요?,"취준생, 대출","대출,금융서비스"
A13308,대출 상담,1,대출 상품 좀 알아보려고 하는데요. ,대출,"대출,금융서비스"
A13336,전세자금대출,1,전세자금 대출을 좀 받고싶은데요. ,전세자금대출,"전세자금대출,대출"
A13337,법인전세대출,1,전세금 때문에 대출문의를 좀 하려고 합니다. ,전세금 ,"전세금,금액"
A13340,중고차대출,1,저 중고차 대출을 좀 알아보려고 하는데요,중고차,"중고차,교통수단"
A13341,학자금대출,1,"취업후 상환 학자금 대출을 신청하려고 하는데요, 문의 해도 될까요?",학자금대출,"학자금대출,대출"
A13342,학자금대출신청,1,학자금 대출 문의 좀하려고하는데요. ,학자금대출,"학자금대출,대출"
A13343,생활비대출,1,학자금 대출 중 생활비 대출 문의합니다. ,"학자금대출, 생활비대출","생활비대출,대출"
A13344,대출금심사,1,학자금대출 신청을 했는데요 언제쯤 들어오나요?,학자금대출,"학자금대출,대출"
A13345,대출상환문의,1,학자금 대출 상환문의좀 할게요. ,학자금대출,"학자금대출,대출"
A13375,대출서비스,1,전세자금대출 문의하려구요,"전세대출,문의",문의
A13376,대출서비스,1,신용대출이 가능한가 해서요,"신용대출,가능","가능,할수있는"
A13377,대출서비스,1,신용대출이 얼마나 가능한가 해서요,"신용대출,가능","가능,할수있는"
A13378,대출서비스,1,중소기업 청년전세대출이 있다던데요,중소기업청년전세대출,중소기업청년전세대출
A13379,대출서비스,1,전세대출 문의하려구요,"전세대출,문의","문의,궁금"
A13380,대출서비스,1,전세자금대출을 변경할 수 있나요?,"전세자금대출,변경",변경
A13381,대출서비스,1,담보 대출이 얼마나 될까 해서요?,"담보대출,얼마나","얼마나,한도액"
A13382,대출서비스,1,담보 대출 한도가 궁금 해서요?,"담보대출,한도","한도,한도액"
A13383,대출서비스,1,전세자금 대출 알아보려구요,"전세대출,한도","한도,한도액"
A13384,대출서비스,1,전세 대출 한도를 알고 싶은데요,"전세대출,한도","한도,한도액"
A13385,대출 신청,1,제가 건물을 지으려고 하는데 대출 가능할까요?,"건물,대출,가능","대출,건축물"
A13386,대출 신청,1,신용 대출을 하고 싶은데요.,신용대출,"신용대출,대출-금융상품"
A13388,대출 문의,1,제가 아파트 담보대출을 받았는데 금리를 낮출 수 있는 방법이 있나요?,"아파트,담보대출, 금리, 가능","담보대출,공동주택"
A13389,대출 신청,1,제가 소유한 예금을 담보로 대출하고 싶은데요?,"예금, 담보, 대출","담보,보증"
A13390,대출 신청,1,제가 얼마나 신용대출을 받을 수 있나요?,"신용, 대출","대출,대출-금융상품"
A13391,대출 신청,1,제가 신용대출을 받을 수 있을까요?,"신용,대출","대출,대출-금융상품"
A13392,대출 내역,1,"아파트 담보대출이 있는데, 일부 상환할 수 있나요?","아파트, 담보대출, 상환","담보대출,공동주택"
A13393,대출 신청,1,제가 소유한 예금을 담보로 대출할 수 있나요?,"예금, 담보, 대출","담보,보증"
A13404,대출,1,대출 신청하려는데 준비서류가 어떻게 되죠?,"대출,신청,준비,서류","신청,증빙"
A13406,대출 문의,1,제가 아파트 담보대출을 받았는데 아파트 공시가가 오르면 이율이 내려가나요?,"아파트,담보대출, 금리, 가능","담보대출,대출-금융상품"
A13407,대출 신청,1,아파트 담보대출을 추가로 받을 수 있나요?,"아파트, 담보대출, 추가","담보대출,대출-금융상품"
A13413,대출 신청,1,제가 담보대출을 하고 싶은데요 가능한가요?,"담보,대출,가능","대출,대출-금융상품"
A13414,대출 신청,1,제가 토지를 담보로 대출을 하고 싶은데요 가능한가요?,"담보,대출,가능,토지","대출,땅"
A13421,대출 신청,1,제가 전세자금을 받을 수 있나요?,"전세,자금","자금,돈"
A13422,대출 신청,1,제가 전세자금을 받은게 있는데 추가로 받을 수 있나요?,"전세,자금,추가","자금,돈"
A13424,대출 신청,1,제가 토지를 담보로 대출을 하고 싶은데요 가능한가요?,"담보,대출,가능,토지","대출,땅"
A13428,대출 신청,1,월세보증대출이 있다던데 맞나요?,"월세,보증,대출","보증,대출-금융상품"
A13429,대출 신청,1,월세보증대출의 조건이 어떻게 되나요?,"월세,보증,대출,조건","보증,요건"
A13430,대출 신청,1,월세보증대출의 조건이 어떻게 되나요?,"월세,보증,대출,조건","보증,요건"
A13437,대출 신청,1,대출을 받아서 건물을 짓고 싶은데 가능할까요?,"대출, 건물","건물,건축물"
A13438,대출 신청,1,"아파트 담보대출이 있는데, 추가대출 가능한가요?","아파트, 담보대출, 추가대출","담보대출,공동주택"
A13439,대출 신청,1,단기 대출을 진행하고 싶은데요?,"단기, 대출","대출,대출-금융상품"
A13442,대출 신청,1,저는 직업군인인데 대출 가능한가요?,"직업,군인, 대출","군인,하는일"
A13443,대출 문의,1,제가 아파트 담보대출을 받았는데 금리를 낮출 수 있는 방법이 있나요?,"아파트,담보대출, 금리, 가능","담보대출,허용"
A13446,대출 신청,1,담보대출이 처음이라 제가 잘 모르겠는데 저도 가능한가요?,담보대출,"담보대출,보증"
A13456,대출 신청,1,제가 소유한 예금을 담보로 대출할 수 있나요?,"예금, 담보, 대출","담보,보증"
A13457,대출 신청,1,제가 담보가 없는데 얼마나 신용대출을 받을 수 있나요?,"담보,신용, 대출","신용,보증"
A13458,대출 신청,1,제가 신용대출을 받을 수 있을까요?,"신용,대출","대출,대출-금융상품"
A13460,대출 신청,1,저도 마이너스통장을 개설할 수 있나요?,"마이너스통장,개설","개설,마이너스통장-금융상품"
A13688,대출서비스,1,디딤돌 대출 받을 수 있을까 하구요,"디딤돌대출,받을수","받을수,대출받을수"
A13689,대출서비스,1,디딤돌 대출 받고 싶은데요?,"디딤돌대출,받을수","받을수,대출받을수"
A13690,대출서비스,1,디딤돌 대출에 대해 문의하려구요,"디딤돌대출,문의","문의,질문"
A13691,대출서비스,1,디딤돌 대출 받을 수 있을까 하구요,"디딤돌대출,받을수","받을수,대출받을수"
A13692,대출서비스,1,디딤돌 대출에 대해 문의하려구요,"디딤돌대출,문의","문의,질문"
A13693,대출서비스,1,디딤돌 대출 문의합니다.,"디딤돌대출,문의","문의,질문"
A13694,대출서비스,1,내 생애 첫 주택대출이 어떤게 있나요?,첫 주택대출,"첫주택대출,주택담보대출"
A13695,대출서비스,1,청년전세대출 문의하려구요,"전세대출,문의","문의,문의상담"
A13696,대출서비스,1,청년전세대출 문의하려구요,"전세대출,문의","문의,문의상담"
A13697,대출서비스,1,대출연장을 하려면요?,대출연장,"대출연장,만기연장"
A13698,대출서비스,1,주택대출관련 정보를 얻고싶어요,"주택대출,정보","정보,내용"
A13699,대출서비스,1,주택대출관련 정보를 얻고싶어요,"주택대출,정보","정보,내용"
A13700,대출서비스,1,청년전세대출 문의하려구요,"전세대출,문의","문의,문의상담"
A13701,대출서비스,1,전세대출가능한 주택을 조회할 수 있나요?,"전세대출가능,조회","조회,알아볼수"
A13702,대출서비스,1,청년전세대출 문의하려구요,"전세대출,문의","문의,문의상담"
A13703,대출서비스,1,전세대출 연장시 문의사항이요,"전세대출연장,문의","문의,질문"
A13704,대출서비스,1,내 생애 첫 주택대출이 궁금해요,첫 주택대출,"첫주택대출,주택담보대출"
A13718,대출내역조회,1,제가 받고 있는 대출금 내역을 알고 싶어요,받고있는 대출금내역,"받고있는대출금내역,총대출액"
A13719,대출내역조회,1,대출금 내역을 알고 싶어요,대출금내역,"대출금내역,총대출액"
A13720,대출내역조회,1,신용대출 잔액 알고 싶어요,"신용대출,잔액","잔액,거래내역"
A13721,대출내역조회,1,대출금내역 알려주세요,대출금내역,"대출금내역,총대출액"
A13722,대출내역조회,1,카드대출 받은 내역좀 부탁드려요,"카드대출,내역,부탁","내역,조회해"
A13723,대출내역조회,1,신용대출 잔액 알려 주세요,"신용대출,잔액","잔액,거래내역"
A13724,대출내역조회,1,담보대출 잔액 알려주세요,"담보대출,잔액","잔액,거래잔고"
A13725,대출내역조회,1,카드론 받은거 상환하고 싶어요,,
A13726,대출내역조회,1,담보대출 잔액 알려주세요,"담보대출,잔액","잔액,거래잔고"
A13727,대출내역조회,1,카드론 받은금액이 다른거 같아요,카드론,카드론
A13728,대출내역조회,1,대출금내역 알려주세요,대출금내역,"대출금내역,총대출액"
A13729,대출내역조회,1,신용대출 잔액이 얼마나 남았죠?,"신용대출,잔액","잔액,거래내역"
A13730,대출내역조회,1,학자금 대출내역 알고 싶어요,학자금대출내역,"학자금대출내역,학자금대출잔액"
A13731,대출내역조회,1,학자금 대출내역 알고 싶어요,학자금대출내역,"학자금대출내역,학자금대출잔액"
A13732,대출내역조회,1,학자금 대출내역 알고 싶어요,학자금대출내역,"학자금대출내역,학자금대출잔액"
A13735,대출 서비스,1,신용카드로 대출 할 수 있습니까?,"신용카드,대출","대출,카드"
A13738,대출 서비스,1,대출 금리 낮출 수 있습니까?,"대출,금리","금리,이자율"
A13739,대출 서비스,1,신용카드로 대출 할 수 있나요?,"신용카드,대출","대출,카드"
A13740,대출 서비스,1,전세 대출의 잔금이 얼마 남았나요?,"전세,대출,잔금","대출,남은금액"
A13743,대출 서비스,1,적금으로 대출 할 수 있습니까?,"적금, 대출","대출,금융상품"
A13744,대출 서비스,1,대출문의요,"대출,문의","문의,금융상품"
A13745,대출 서비스,1,제가 받은 학자금 대출 확인하려고요,"학자금대출,확인","확인,대출"
A13748,대출 서비스,1,인터넷으로 대출상환 방법 알려주시겠어요?,"인터넷,대출,상환,방법","대출,금융상품"
A13750,신용 대출,1,신용 대출 해주세요,"신용,대출","대출,금융상품"
A13751,대출 서비스,1,대출 받으려고 하는데요,대출,"대출,금융상품"
A13752,대출 서비스,1,담보대출 금리 질문이요,"담보,대출,금리","대출,이자율"
A13759,담보 대출,1,아파트 담보 대출을 받을 수 있는지 확인해주세요,"아파트,담보,대출,확인","담보,금융상품"
A13760,대출 서비스,1,청약저축으로 대출 되는지 확인해주십시오,"청약,저축,대출,확인","저축,금융상품"
A13761,대출 서비스,1,폰뱅킹으로 대출원금 상환이 가능합니까요?,"폰뱅킹,대출,원금,상환","대출,금융상품"
A13762,대출 서비스,1,대출을 받아서 집을 짓고 싶은데요,"대출, 집","집,자택"
A13764,추가 대출,1,담보 대출 받았는데 추가로 가능합니까?,"담보,대출,추가,가능","대출,금융상품"
A13765,단기 대출,1,1억을 단기로 대출 받을 수 있습니까?,"1억, 단기, 대출","단기,금융상품"
A13770,대출 문의,1,바로받는 신용대출에 대한 광고를 봤습니다. 정말 바로 받을 수 있습니까?,"신용,대출,광고","대출,금융상품"
A13772,대출 서비스,1,전세 대출 하고싶네요,"전세,대출","대출,금융상품"
A13773,적금 대출,1,적금으로 대출 할라고요,"적금, 대출","대출,금융상품"
A13775,대출 서비스,1,인터넷으로 대출상환 하고싶어서요,"인터넷,대출,상환","대출,금융상품"
A13786,직장인 대출,1,직장인인데 대출 하고싶어요,"직장,대출","대출,금융상품"
A13792,학자금 대출,1,학자금대출을 받고싶어요,"학자금,대출","대출,금융상품"
A13797,대출 서비스,1,신용대출을 받고싶은데요,"신용,대출","대출,금융상품"
A13798,적금 대출 서비스,1,적금으로 대출 받을 수 있습니까?,"적금, 대출","대출,금융상품"
A13799,대출 서비스,1,대출 받을 수 있는지 확인 가능한지 알아봐주실래요?,"대출, 확인, 가능","확인,금융상품"
A13804,대출 서비스,1,전세자금대출 해보려고하는데 도와주세요,전세자금대출,"전세자금대출,대출"
A13808,대출 신청 문의,1,대출 신청할 때 본인이 직접 가야해요?,"대출, 신청, 본인","신청,금융상품"
A13809,신용카드 대출,1,신용카드로 대출 하고 싶은데요,"신용카드,대출","대출,금융상품"
A14174,신용대출,1,안녕하세요 제가 신용대출을 좀 알아보고 있어요,신용대출,"신용대출,대출"
A14175,신용대출,1,"수고하십니다, 신용대출때문에 문의좀 드릴께요?","신용대출, 문의","문의,상담"
A14176,신용대출,1,안녕하십니가 신용대출을 알아보는데 제가 조건이 되나 싶어서요.,신용대출,"신용대출,대출"
A14177,신용대출,1,안녕하세요 OO은행이지요?,우리은행,"우리은행,금융기관"
A14178,신용대출,1,수고하십니다 OO은행이지요?,농협,"농협,금융기관"
A14193,신용대출문의,1,수고하십니다 혹시 신용대출을 인터넷으로 신청할 수 있나요?,"신용대출, 인터넷, 신청","인터넷,접수"
A14194,버팀목대출,1,안녕하세요 전세대출 문의좀 할수 있을까요?,"전세대출, 문의","문의,대출"
A14195,대출 문의 ,1,수고하십니다 제가 아파트 매매로 대출을 하려고 하는데요,"아파트, 매매, 대출","매매,집"
A14205,신용대출,1,안녕하세요 제가 신용대출좀 받아볼까 해서 전화드렸어요,"신용대출, 전화","전화,대출"
A14206,담보대출 문의,1,수고하십니다 제가 담보대출에 관련해 질문좀 드릴께요?,"담보대출, 질문","질문,대출"
A14207,신용대출,1,제가 대출이가능한지 알고 싶어 전화드렸어요,"대출,","대출,신용대출"
A14208,담보대출,1,안녕하세요 담보대출이라는게 정확히 뭐죠?,담보대출,"담보대출,대출"
A14209,신용대출,1,안녕하세요 제가 대출을 받아볼까 하는데요,대출,"대출,은행"
A14210,신용대출,1,수고하십니다 혹시 신용대출 상담 가능할까요?,"신용대출, 상담","상담,문의"
A14244,대출 서비스,1, 중도 대출 상환 문의 입니다.,대출 상환,"대출상환,대부"
A14245,대출 서비스,1, 내가든 적금으로 대출이 되나요?,"적금,대출","대출,대부"
A14246,대출 서비스,1, 담보 대출상환을 인터넷으로도 할 수 있어요?,문의 대출 상환 인터넷,"문의대출상환인터넷,온라인"
A14247,대출 서비스,1,주택 담보대출 받았는데요.  금리를 조정 할  수 있습니까?,"담보,대출,금리","대출,이율"
A14248,대출 서비스,1, 담보대출 받으려고 하는데요. 꼭 본인이 직접 가야 대출이 되나요?,담보/대출,"대출,담보대출"
A14249,카드 대출,1,저기요 제가 가진 신용카드로 대출 할 수 있습니까?,신용카드/대출,"대출,대부"
A14250,대출 서비스,1,대학생인데요. 학자금대출 가능한지 알아봐 주세요?,대학생/학자금대출/가능,"학자금대출,문의"
A14253,대출 서비스,1,대출이 좀 필요해서 문의좀 드릴께요,대출 문의,"대출문의,상담"
A14254,보험 대출,1,보험으로 대출 가능한지 알아보려구요?,보험/대출/가능,"대출,대부"
A14256, 전세자금대출,1, 전세자금 대출 문의 입니다.,전세자금대출,"전세자금대출,대출종류"
A14267, 신용대출,1,신용대출을  좀  받고 싶은데요?,신용대출,"신용대출,대출"
A14299,  담보대출,1, 담보 대출좀 받으려구요?,"신한은행,고객","고객,대출"
A14415,대출문의,1,안녕하세요~ 제가 전세자금대출을 받아야하는데요 제가 가능할까싶어서요 ,"전세자금대출,대상","대상,해당자"
A14416,대출문의,1,안녕하세요~ 전세자금대출 정보 좀 알려고하는데요 ,전세자금대출/ 대상,"대상,대출종류"
A14417,대출문의,1,안녕하세요~ 제가 지금 버팀목전세자금 대출을 받고 있는데요  추가로 더 받을수 있을까해서요,대출,"대출,현금"
A14418,대출 문의 ,1,안녕하세요~ 궁금한게 있어서 전화드렸어요 ~,"대출,문의","문의,상담"
A14419,대출 문의 ,1,안녕하세요~ 제가 대출을 받고 있는데요 이자금액이 궁금해서요 ,"대출,이자","이자,수수료"
A14420,대출문의,1,안녕하세요~ 대출문의 좀 하려고요 ,"대출,문의","문의,상담"
A14421,대출문의,1,안녕하세요~ 대출 문의 좀 하려고요 ,대출,"대출,빌린돈"
A14436,수시대출,1,안녕하세요 마이너스통장을 만들고 싶으데요 방법좀 알려주세요~,수시대출,"수시대출,수시대출(마이너스통장)"
A16870,대출한도,1,조건없이 신용대출 받을 수 있나요?,"신용, 대출","대출,금융상품"
A16880,학자금대출,1,학자금 대출이 가능한가요?,"학자금, 대출","대출,금융상품"
A16881,대출문의,1,전세자금 대출이 대상이 어떻게 되나요?,"전세자금대출, 대상","대상,대출종류"
A16887,대출문의,1,대출금리가 인하할 수 있나요?,"대출, 금리, 인하","금리,이자"
A16888,담보대출,1,"정기예금, 적금을 담보로 대출이 가능하나요?","정기, 예금, 적금, 담보, 대출","예금,금융상품"
A16893,담보대출,1,적금을 담보로 대출이 가능하나요?,"적금, 담보, 대출","담보,금융상품"
A16915,신용대출,1,신용대출 받으려고 하는데요. ,신용대출,"신용대출,대출"
A16916,전세자금대출,1,전세자금대출 문의합니다. ,전세자금대출,"전세자금대출,대출"
A16932,대출문의,1,적금 담보로 대출 좀 받으려고요.,적금,"적금,적금상품"
A16939,전세대출,1,신혼부부 전세대출 받으려고 합니다. ,신혼부부,"신혼부부,신분"
A17001,전세자금대출,1,제가 현재 월세로 살고 있는데요.,월세,"월세,거주형태"
A17002,전세자금대출,1,OOO 전세자금대출에 대해 안내받고 싶어서 연락드렸어요.,"전세자금대출, 안내, 연락","안내,전화"
A17003,전세자금대출조건,1,OOO 전세자금대출 받고 싶은데요.,전세자금대출,"전세자금대출,대출"
A17004,전세자금대출조건,1,OOO 전세자금대출을 받으려는데 대출신청자에 대한 조건이 있을까요?,"전세자금대출, 대출신청자, 조건","대출신청자,기준"
A17005,전세자금대출조건,1,"안녕하세요, 제가 전세자금대출을 받을 수 있는지 궁금해서요.","전세자금대출, 궁금","궁금,질문"
A17006,전세자금대출한도,1,OOO 전세자금대출 최대 금액 좀 알 수 있을까요?,"전세자금대출, 금액","금액,돈"
A17007,전세자금대출금리,1,OOO 전세자금대출 금리 문의 좀 드려요.,"전세자금대출, 금리, 문의","금리,질문"
A17008,전세자금대출금리,1,OOO 전세자금대출 받으려고 하는데요.,전세자금대출,"전세자금대출,대출"
A17009,전세자금대출금리,1,전세자금대출 금리가 궁금합니다. ,"전세자금대출, 금리, 궁금","금리,질문"
A17010,전세자금대출신청,1,OOO 전세자금대출 받을 건데요.,전세자금대출,"전세자금대출,대출"
A17011,전세자금대출신청,1,전세자금대출에 필요한 서류 좀 알려주세요.,"전세자금대출, 필요, 서류","필요,자료"
A17012,전세자금대출신청,1,OOO 전세자금대출을 준비하고 있습니다.,"전세자금대출, 준비","준비,마련"
A17013,전세자금대출신청,1,OOO 전세자금대출에 대해 문의 좀 드려요.,"전세자금대출, 문의","문의,질문"
A17014,전세자금대출납입,1,OOO 전세자금대출을 신청할 건데요.,"전세자금대출, 신청","신청,요청"
A17015,전세자금대출납입,1,OOO 전세자금대출에 대해 문의 좀 드려요.,"전세자금대출, 문의","문의,질문"
A17016,전세자금대출납입,1,OOO 전세자금대출을 받았는데요.,전세자금대출,"전세자금대출,대출"
A17017,전세자금대출조회,1,제가 OOO 전세자금대출을 신청했는데요.,"전세자금대출, 신청","신청,요청"
A17018,전세자금대출조회,1,OOO 전세자금대출 갚고 있는데요.,전세자금대출,"전세자금대출,대출"
A17019,전세자금추가대출,1,제가 OOO 전세자금대출을 받아서 살고 있는데요.,전세자금대출,"전세자금대출,대출"
A17094,대출한도,1,신용대출받을때 어떤 조건이 필요한가요?,"신용, 대출","대출,금융상품"
A17098,대출금리,1,기존 대출금의 금리를 내릴수있나요?,"대출, 금리","금리,이자"
A17104,학자금대출,1,대학교 등록금이 걱정돼서요,등록금,"등록금,학비"
A17105,대출이용,1,신용대출 비대면으로 받을수 있나요?,"신용, 대출","대출,금융상품"
A17107,대출문의,1,전세자금 대출 문의하려구요?,,
A17113,대출문의,1,대출금리은 어떠한 경우 인하할수 있나요?,"대출, 금리","금리,이자"
A17114,담보대출,1,적금 담보대출 가능한가요?,"담보, 대출","대출,금융상품"
A17119,담보대출,1,전세보증금으로 대출이 가능한가요?," 담보, 대출","대출,금융상품"
A17125,직장인전세대출,1,중소기업 직장인 전세대출 금리 문의하려구요,금리,"금리,이자율"
A17140,대출금리,1,신용대출 관련 문의하고 싶은데요,금리,"금리,이자율"
A17141,자영업대출,1,코로나때문에 장사가 너무 안되는데 자영업자 대출있나요?,"코로나, 장사, 자영업자, 대출","장사,개인사업자"
A17143,대학생학자금대출,1, 학자금대출 궁금한데요,"신입생,학자금대출","학자금대출,신입생학자금대출"
A17152,대출,1,아파트 매매대출을 받으려고 합니다. ,"아파트매매, 대출","대출,차용"
A17154,전세대출,1,청년 버팀목 전세자금 대출에 대해 알아보고 싶은데요,"전세대출, 전세집","전세집,차용"
A17155,전세대출,1,안심전세대출고 전세집을 구하려고 하는데요,"전세대출, 전세집","전세집,차용"
A17165,디딤돌 대출,1,디딤돌 대출은 어떻게 신청하나요?,디딤돌대출,"디딤돌대출,디딤돌"
A17166,디딤돌 대출,1,안녕하세요. 디딤돌 대출 대상은 어떻게 되나요?,디딤돌대출,"디딤돌대출,디딤돌"
A17167,디딤돌 대출,1,신혼부부 디딤돌대출을 받을수 있는 주택의 가격은 어떻게 되나요?,디딤돌대출,"디딤돌대출,주택가격"
A17168,디딤돌 대출,1,디딤돌 대출을 받을 수 있는 대상주택의  가격은 얼마까지 인가요?,대상주택,대상주택
A17169,보금자리론 대출,1,보금자리론 대출은 어떻게 신청하나요?,보금자리론,"보금자리론,대출"
A17170,보금자리론 대출,1,보금자리론 신청 대상은 어떤게 있나요?,보금자리론,"보금자리론,신청대상"
A17171,보금자리론 대출,1,보금자리론 대출 종류가 여러가지 인가요?,보금자리론,"보금자리론,대출"
A17172,보금자리론 대출,1,아낌e보금자리론이란 무엇인가요?,아낌e보금자리론,아낌e보금자리론
A17173,보금자리론 대출,1,보금자리론은 신규주택 구입용도로만 신청해야 하나요?,보급자리론,"보급자리론,신청"
A17174,보금자리론 대출,1,분양권을 보유하고 있으면 주택 보유수에 포함되나요?,분양권,"분양권,주택보유수"
A17185,개인신용등급,1,신용등급이 낮을 경우 금융권에서 대출을 받는데 영향이 있나요?,금융권 대출,"금융권대출,대출"
A17190,개인신용등급,1,저신용도임에도 신용 대출을 받아야 한다면 어느 금융권에 알아봐야 하나요?,신용대출,"신용대출,금융권"
A17191,개인신용등급,1,담보대출이란 어떤 것입니까?,담보대출,담보대출
A17206,인터넷전문은행,1,OO은행에서 받을 수 있는 신용대출은 없나요?,케이뱅크/신용대출,신용대출
A17208,주택담보대출,1,DTI는 무엇을 말하는 것인가요?,DTI/무엇,무엇
A17209,주택담보대출,1,DSR이란 무엇을 말하는 것인가요?, 개인신용등급,개인신용등급
A17600,우리은행,1,마이너스 통장의 대출이자는 달달마다 출금되나요?,마이너스통장/대출이자/출금,"대출이자,이체"
A17604,우리은행,1,"신용대출을 받고싶은데, 얼마나 받을 수 있을까요?",신용대출,신용대출
A17605,우리은행,1,신용대출 신청은 반드시 영업점 방문해야 하나요?,신용대출/신청/영업점/방문,"신청,내점"
A17606,우리은행,1,신용대출 만기가 다가오는데 연장 신청이 가능한가요?,신용대출/만기/연장/신청/가능,"만기,만료기간"
A17607,우리은행,1,대출금 연말정산 소득공제 서류를 받으려면 어떻게 해야 하나요?,대출금/연말정산/소득공제/서류,"연말정산,대출금액"
A17608,우리은행,1,주택자금대출상환증명서 메뉴에서 대출계좌가 나타나지 않는데 왜 그런가요?,주택자금대출상환증명서/대출계좌,대출계좌
A17609,우리은행,1,주택을 구입하면서 잔금이 부족한데 대출이 가능하나요?,주택/구입/잔금/부족/대출,"구입,부동산"
A17610,우리은행,1,인터넷뱅킹에서 대출금 상환 후 영수증 출력이 가능한가요?,인터넷뱅킹/대출금상환/영수증 출력,"대출금상환,영수증프린트"
A17611,우리은행,1,인터넷뱅킹(우리WON뱅킹)에서 대출상환 가능한가요?,인터넷뱅킹/대출상환/가능,"대출상환,대출갚음"
A17613,우리은행,1,전세자금(월세 포함)대출이 가능한가요?,전세자금대출/가능,"가능,전세대출"
A17614,우리은행,1,대출계약철회권은 무엇인가요?,대출계약철회권,"대출계약철회권,권리"
A17615,우리은행,1,타행 주택담보대출을 OO은행 대출로 대환 가능하나요?,타행/주택담보대출/우리은행 대출/대환 가능,"주택담보대출,금융기관"
A17616,우리은행,1,주택구입자금대출 소득공제 한도는 얼마인가요?,주택구입자금대출/소득공제한도,"소득공제한도,소득공제제한"
A17617,우리은행,1,주택구입자금대출 2015년 이후 소득공제 한도는 얼마인가요?,주택구입자금대출/소득공제한도,"소득공제한도,소득공제제한"
A17618,우리은행,1,청약저축과 주택청약종합저축을 담보로 대출이 가능하나요?,청약저축/주택청약종합저축/담보/대출,"주택청약종합저축,보증"
A17619,우리은행,1,현재 거주하고 있는 전세주택의 임대차계약으로도 전세대출이 가능한가요?,거주/전세주택/임대차계약/전세대출,"전세주택,살고있다"
A17620,우리은행,1,"정기예금, 적금을 담보로 대출이 가능하나요?",정기예금/적금/담보/대출,"적금,보증"
A17621,우리은행,1,전세금을 담보로 대출이 가능한가요?,전세금/담보/대출,"담보,보증"
A17622,우리은행,1,전세자금대출을 받고 있는데 다른 주택으로 이사를 가는 경우는 대출을 상환 해야 하나요?,전세자금대출/주택/이사/대출/상환,"주택,변제"
A17623,우리은행,1,전세자금 대출도 소득공제 가능한가요?,전세자금 대출/소득공제 가능,"소득공제가능,전세대출자금"
A17624,우리은행,1,대출신청 진행이 안됩니다. 이유가 무엇인가요?,대출신청/진행,"진행,대출등록"
A17625,우리은행,1,펀드를 담보로 예금담보 대출을 받을 수 있나요?,펀드/담보/예금담보/대출,"담보,보증"
A17627,우리은행,1,부동산담보대출 금리우대쿠폰이 뭔가요?,부동산담보대출/금리우대쿠폰,"금리우대쿠폰,부동산담보대출"
A17630,기업인터넷뱅킹,1,메디칼네트워크론 대출 신청은 어떻게 하나요?,대출/신청,"신청,융자"
A17644,대출,1, 인터넷뱅킹에서 대출금을 전액 상환 후 영수증 출력이 가능한가요? ,인터넷뱅킹/대출금/전액/상환/영수증/출력,"대출금,융자금"
A17645,대출,1,현재 거주하고 있는 전세주택의 임대차계약으로도 전세대출이 가능한가요?,거주/전세주택/임대차계약/전세대출,"전세주택,대출"
A17646,대출,1,타행 주택담보대출을 당행은행 대출로 대환 가능하나요?,타행/주택담보대출/당행/은행/대출/대환,"주택담보대출,대출"
A17652,대출,1,지금까지 받은 대출 내역을 볼 수 있나요?,받은/대출/내역,"대출,융자"
A17653,개인대출,1,스마트론 대출과 전화로 신용대출 진행의 차이가 있나요?,스마트론/대출/전화/신용대출/진행/차이,"대출,신용대출"
A17660,대출,1,대출원금 완제 후 이자연체만 남은 경우에도 한국신용정보원 연체정보로 등록되나요? ,대출원금/완제/이자연체/남은/경우/한국신용정보원/연체정보/등록,"완제,갚음"
A17661,대출,1,선생님인 경우는 얼마까지 가능한가요?,선생님/경우/얼마,"경우,상황"
A17732,대출문의,1,신용대출을 받고 싶은데 얼마나 받을 수 있을까요?,신용대출,"신용대출,수량"
A17734,담보대출,1,단독주택을 지으려고 하는데 대출받을 수 있나요?,,
A17735,대출이율,1,대출이율이 가장 싼 은행은 어디인가요?,"대출,이율,은행","이율,금융기관"
A17738,신용대출문의,1,1억원을 15일간만 신용대출하는게 가능한가요?,신용대출,"신용대출,대출"
A17748,전세자금대출,1,"전세자금 대출 받고싶은데요, 최저금리가 얼마인가요? ","전세자금대출,최저금리","최저금리,대부"
A17753,신용대출,1,신용대출은 어떻게 받나요?,"신용,대출","대출,융자"
A17758,부동산 담보대출,1,대출을 받고 싶은데 얼마나 받을 수 있는지 알수 있을까요?,대출,"대출,빌림"
A17761,담보대출 금리문의,1,친정엄마께서 2%대로 담보대출을 받으셨는데 오늘보니 3.2%로 이자가 나갔네요. 왜 그런가요?,"담보대출,이자","이자,돈"
A17773,생활자금대출,1,"저….현금이 급해서 그러는데, 신용대출 가능할까요?","현금,신용대출","신용대출,대출종류"
A17777,전세자금 대출 금리,1,신혼부부 전세자금 대출금리는 얼만가요?,"신혼부부,전세,자금,대출","전세,대부"
A17778,보험약관 대출,1,보험약관 대출은 얼마나 받을 수 있나요?,"보험,약관,대출","약관,계약"
A17789,ATM 대출금 상환,1,ATM을 이용하여 대출금 상환을 할 수 있나요?,"ATM, 대출금, 상환","대출금,갚음"
A17803,대출금리 인하 신청,1,대출금리를 인하받고 싶은데 신청할 수 있나요?,"대출, 금리","금리,이자"
A17812,대출신청,1,대출을 받고 싶은데요,대출,"대출,대부"
A17827,사업자대출,1,개인사업자 대출이 있다고 하던데요,"개인, 사업자, 대출","사업자,대부"
A17851,햇살론 대출 상담,1,햇살론 대출을 알아보고 싶어요.,"햇살론, 대출","대출,대출방법"
A17854,신용담보 대출 금리우대,1,신용담보대출을 받고 싶은데요.,"신용, 담보, 대출","담보,빌림"
A17855,대출 상환 방법,1,대출 상환 방법에 대해 구체적으로 설명해주세요.,"대출, 상환, 방법","상환,해결법"
A17860,대출금리인하,1,대출금리 인하받을라카면  우째야 되는교?,"대출,금리,인하","금리,할인"
A17872,소상공인 대출,1,제가 미용실을 하고 있는데 대출을 할 수 있을까요?,"미용실, 대출","대출,빌림"
A17905,약관대출,1,보험사에서 대출이 된다던데요 어떻게 알아볼 수 있나요?,"보험사, 대출","대출,대부"
A17906,약관대출금액,1,약관대출 알아봤었는데 대출가능금액이 전이랑 다르게 나올 수도 있나요?,"약관대출, 가능금액","가능금액,돈"
A17907,주택건축자금대출,1,집짓으려는데 대출을 받을 수 있을까요?,대출,"대출,대부"
A17911,예탁금담보대출,1,예탁금담보대출이 뭐예요?,예탁금담보대출,"예탁금담보대출,대출종류"
A17912,학자금대출,1,학자금 대출을 받으면 지원되는 부분이 어떤 것들이 있나요?,"학자금대출, 지원","지원,서비스"
A17913,학자금대출방법,1,제가 사는 지역이 농어촌으로 되어 있는데 학자금 대출을 받을 수 있나요?,농어촌,"농어촌,농촌어촌"
A17914,대출상담,1,대출가능여부 조회를 하면 신용조회 기록이 남나요?,"대출가능, 조회","조회,조사"
A17915,대출방법,1,인터넷으로 대출받을 수 있나요?,"인터넷, 대출","대출,대부"
A17916,대출상환방법,1,저한테 맞는 대출상환방법을 알아보려는데요 어떤 방법들이 있나요?,상환방법,"상환방법,갚는방법"
A17919,카카오뱅크대출,1,카뱅대출 신청자격이 있나요?,"카뱅, 대출","대출,대부"
A17920,비상금대출,1,은행 자동화코너에 갔다가 비상금대출이라는걸 봤는데 상담가능할까요?,"자동화코너, 비상금대출","비상금대출,대부"
A17932,소상공인 대출,1,네일샵을 운영하는데 대출 되나요?,"네일샵,운영,대출","운영,대부"
A17944,무보증대출,1,급여이체무보증대출이 있다던데 맞나요?,"무보증, 대출","대출,대부"
A17945,전세자금대출연장,1,전세자금대출을 받았는데 연장이 가능할까요?,전세자금대출,"전세자금대출,대출상품"
A17946,대출소득공제,1,대출소득공제를 받을 수 있다던데요?,"대출, 소득공제","소득공제,제도"
A17947,대출연장,1,대출만기가 다되가는데 연장은 어떻게 신청할 수 있나요?,"대출만기, 연장, 신청","연장,접수"
A17951,전세자금대출,1,"신혼부부 전세자금 대출 받을려고 하는데, 최저금리가 얼마인가요?","신혼부부전세자금대출, 최저금리",최저금리
A17952,부동산담보대출,1,대출을 받고 싶은데 얼마까지 받을 수 있나요?,대출,대출
A17953,신용대출조건,1,신용대출을 받고 싶은데 가능한가요?,신용대출,신용대출
A17988,담보대출상담,1,대출을 받아서 단독주택을 짓고 싶은데 가능할까요?,"대출, 단독주택","단독주택,융자"
A17989,대출심사,1,신용대출 심사 받는게 많이 까다롭나요?,"신용대출, 심사","심사,대출"
A17990,전세대출상담,1,대출문의 가능한가요?,"대출문의, 가능","가능,실현성"
A17994,단기대출,1,1억을 단기로 대출 받을 수 있나요?,"1억, 단기, 대출","단기,대부"
A17998,중소기업청년전세대출,1,"중소기업청년전세대출이라는게 있던데, 저도 될까요?",중소기업청년전세대출,"중소기업청년전세대출,대출종류"
A18002,대출금리인하,1,"담보대출 금리를 좀 낮추고 싶은데, 가능할까요?","담보대출, 금리, 가능","금리,이자율"
A18005,학자금대출,1,"요번에 야간대 들어가면서 학자금 대출을 받고 싶은데, 될까요?","야간대, 학자금, 대출","학자금,대부"
A18006,신용대출신청,1,교보바로받는 신용대출에 대한 광고를 봤습니다. 정말 바로 받을 수 있나요?,"교보, 신용대출, 광고","신용대출,홍보"
A18008,대출상담,1,"적금이 들어간게 있는데, 이걸로 대출이 되나요?","적금, 대출","대출,대부"
A18012,학자금대출상환,1,학자금 대출 문의를 드리고 싶습니다.,"학자금대출, 문의","문의,질문"
A18038,주택담보대출,1,제 신용도로 대출 얼마까지 되는지 알수 있을까요?,"신용도, 대출","대출,대부"
A18039,대출금리변동,1,"시댁에서 처음 담보대출 받을 때 1.5%로 받았는데, 오늘 확인하니 2.8%로 되어있네요.","시댁, 처음, 답보대출, 1.5%, 오늘, 확인, 2.8%","처음,검증"
A18057,대출금중도상환,1,혹시 대출금 중도 상환이 될까요?,"대출금, 중도상환","중도상환,융자"
A18058,대출자격문의,1,"대출 받고싶으데, 자격이 될까요?","대출, 자격","자격,조건"
A18059,자동이체계좌변경,1,대출상환 자동이체 계좌를 변경하고 싶은데요.,"대출상환, 자동이체, 계좌, 변경","자동이체,교체"
A18064,개인사업자대출,1,개인사업자가 편하게 받을 수 있는 대출이 있다고 하던데요.,"개인사업자, 대출","대출,대부"
A18073,대출상환방법,1,"대출 상환방법에는 여러가지가 있다던데, 가르쳐주시겠어요?","대출, 상환방법","상환방법,대부"
A18074,대출금리인하,1,대출금리를 조금 낮추고 싶은데 방법이 있어요?,"대출금리, 방법","방법,방식"
A18075,비대면신용대출,1,"신용대출을 직접 가지 않아도 받을 수 있는 방법이 있다던데, 맞나요?","신용대출, 방법","방법,방식"
A18080,학자금대출상담,1,"제가 요번에 대학에 들어가게되서요, 학자금대출 신청이 될까요?","대학, 학자금대출, 신청","학자금대출,청구"
A18081,예탁금담보대출,1,예탁금 담보대출이 뭔가요?,"예탁금, 담보대출","담보대출,예적금"
A18085,아파트담보대출,1,"안녕하세요, 대출 문의를 하고 싶은데요.","대출, 문의","문의,질문"
A18110,대출신용등급조회,1,"대출 받을려면 신용등급을 알아야 된다는데, 어디서 조회 해볼 수 있는거죠?","대출, 신용등급, 어디, 조회","신용등급,검색"
A18155,ATM대출금상환,1,"대출금 상환을 다 하고싶은데, 인터넷이 안되요. 다른 방법이 있나요?","대출금, 상환, 인터넷, 방법","상환,방식"
A18181,전세(월세)자금대출,1,전세자금대출 문의드립니다.,"전세자금대출, 문의",문의
A18190,대출신청 거절,1,대출신청이 거절됐는데 이유가 궁금합니다.,"대출신청, 거절","거절,취소"
A18248,인터넷 뱅킹 대출 중도 상환,1,인터넷 뱅킹에서도 대출금 중도 상환이 가능한지요?,"인터넷 뱅킹, 중도 상환, 대출금","중도상환,대출"
A18258,예금 담보 대출,1,예금을 담보로 대출을 좀 하고 싶은데요.,"예금, 대출, 담보","대출,보증"
A18259,전세대출,1,전세대출 문의드립니다.,"전세대출, 문의",문의
A18311,급여통장플러스론,1,급여이체 무보증대출 상품이 있나요?,"급여이체, 무보증대출, 상품","무보증대출,종류"
A18312,전세자금대출연장,1,"대출을 받았는데, 연장이 가능한지 궁금합니다.","대출, 연장, 가능, 궁금","연장,질문"
A18313,전세자금소득공제,1,대출 받은 것도 소득공제가 가능한가요?,"대출, 소득공제, 가능","소득공제,실현"
A18314,대출연장신청,1,대출만기가 다가와서 연장 신청을 하고 싶습니다.,"대추란기, 연장, 신청","연장,청구"
A18355,원금상환변경,1,"대출금 원금상환을 매달하고 싶은데, 그런 방법이 있나요?","대출금, 원금상환, 매달, 방법","원금상환,방식"
A18356,급여이체통장대출,1,급여이체통장으로 마이너스통장처럼 대출 받을 수 있는게 있나요?,"급여이체통장, 마이너스통장, 대출","마이너스통장,대부"
A18357,대출상환연장,1,"대출 받은게 있는데, 갚지를 못하겠네요. 상환 연장이 될까요?","대출, 상환, 연장","상환,갱신"
A18358,전세자금대출소득공제,1,연말정산 할때 대출금 중 소득공제 되는게 있다던데 그런가요?,"연말정산, 대출금, 소득공제","대출금,연말정산"
A18359,대출연장신청,1,대출연장 신청할 때 어떤 방법으로 신청을 할 수 있는지 궁금합니다.,"대출연장, 신청, 방법, 궁금","신청,문의"
A18362,토지대출문의,1,"집을 짓고 싶은데, 대출이 가능할까요?","집, 대출, 가능","대출,실현"
A18366,예탁금담보대출,1,"예탁금담보대출, 무엇?",예탁금담보대출,예탁금담보대출
A18367,학자금대출문의,1,학자금대출은 어떤 부분을 지원해주는 거죠?,"학자금대출, 어떤, 부분, 지원","어떤,도움"
A18368,농어촌학자금대출문의,1,농어촌에 살고 있으면 학자금대출 받을 때 우대해주는 것이 있나요?,"농어촌, 학자금대출, 우대","학자금대출,대우"
A18369,신용대출문의,1,대출을 알아보는 것만으로도 신용조회 기록이 남는다고 하더라구요.,"대출, 신용조회, 기록","신용조회,입력"
A18370,인터넷대출신청,1,인터넷 대출이라는 것도 있나요?,"인터넷, 대출","대출,대부"
A18371,대출상환방법문의,1,대출상환 방법에는 어떤 종류들이 있나요?,"대출상환, 방법, 어떤, 종류","방법,유형"
A18373,카카오뱅크대출,1,카뱅에서 받는 대출은 신청자격을 안보고 그냥 내주나요?,"카뱅, 대출, 신청자격","대출,대부"
A18374,비상금대출문의,1,"은행에 붙은 포스터에 비상금대출 가능이라던데, 어떤 건지 안내를 받을 수 있나요?","은행, 포스터, 비상금대출, 가능, 안내","포스터,설명"
A18375,대출문의,1,대출 접수하는 것 좀 도와줄 수 있을까요?,"대출, 접수","접수,등록"
A18381,개인사업자대출문의,1,개인사업자 대출서비스는 어떤 건지 알고 싶습니다.,"개인사업자, 대출서비스","대출서비스,개인사업자"
A18382,긴급출금서비스,1,카뱅에 있는 긴급출금 대출서비스를 받아보고 싶어요. 안내 부탁드려요.,"카뱅, 긴급출동, 대출서비스, 안내","긴급출동,설명"
A18383,대출금중도상환,1,대출금을 중도상환하고 싶은데요..,"대출금, 중도상환","중도상환,변제"
A18384,카드대출문의,1,"카드 대출을 처음 받아볼려고 하는데, 대출 받은 건 언제쯤 입금 되나요?","카드, 대출, 처음, 언제쯤, 입금","대출,예금"
A18388,신용대출상담,1,"신용대출 상담을 받고 싶은데, 여기서도 가능한가요?","신용대출, 상담, 가능","상담,실현"
A18390,금융/대출문의,1,은행에서의 융자방법에는 대출과 할인의 두 가지가 있다고 하는데 대출방법을 알고 싶습니다.,은행/융자/대출/할인,"융자,금융상품"
A18391,금융/대출문의,1,저번 시간에 이어 은행대출에서 소년소녀가정 등 전세자금은 무엇인가요?,은행대출,"은행대출,금융상품"
A18392,금융/대출문의,1,이번에는 신용대출과 담보대출에 대해 질문을 하고 싶은데 가능할까요?,신용대출/담보대출,"담보대출,보증"
A18393,금융/대출문의,1,대출상품에서 모기지론이 궁금합니다. 설명해 주시겠습니까?,대출상품/모기지론,"모기지론,금융상품"
A18396,금융/대출문의,1,"설계사님, 금융대출에서 브릿지론이 뭔가요?",금융대출/브릿지론,"브릿지론,금융상품"
A18397,금융/대출문의,1,"설계사님, 질문이 있습니다. 대출상환방식이 복잡하다는데 알려주세요.",대출상환방식,"대출상환방식,방법"
A18398,금융/대출문의,1,어제 문의에 이어서 대출방식에 대해 문의를 하고 싶습니다. ,문의/대출방식,"대출방식,방법"
A18399,금융/대출문의,1,"설계사님, 원리금 균등분할 상환의 장점이 뭐라구요?",원리금균등분할상환/장점,"장점,구분"
A18455,금융/대출문의,1,주택전세자금대출이란 무엇인가요?,주택전세자금대출,"주택전세자금대출,금융상품"
A18456,금융/대출문의,1,빌라는 전세보증금 대출금리가 어떻게 됩니까?,빌라/전세보증금/대출금리,"전세보증금,이자"
A18461,예금 담보 대출,1,예금을 담보로도 대출을 할 수 있나요?,"담보, 대출, 예금","대출,저축"
A18463,전세 자금 대출,1,"앱에서 전세자금대출을 신청하려는데, 서류는 은행에 직접 가서 내도 상관없나요?","전세자금대출, 은행, 신청, 서류, 앱","은행,응용프로그램"
A18466,대출 중도상환 해약금,1,대출 중도상환시 해약금에 대해서 궁금합니다.,"중도상환, 해약금, 대출","해약금,융자"
A18473,전세자금 대출 소득공제,1,전세자금 대출을 했는데요 소득공제때문에 궁금한 게 있습니다.,"전세자금 대출, 소득공제","소득공제,공제"
A18476,경찰공무원 대출,1,경찰공무원 대출을 받고 싶습니다.,"경찰공무원, 대출",대출
A18481,예금 담보 대출,1,예금 담보로 대출을 좀 받고 싶은데요.,"예금 담보, 대출","대출,융자"
A18490,대출 중 상환과 세액공제,1,대출중인데 전액 상환시 세액공제가 어떻게 되는지 궁금합니다.,"세액공제, 대출, 상환",대출
A18492,대출모집인 수수료,1,대출모집인에 대해서 궁금한 게 있습니다.,대출모집인,"대출모집인,채널"
A18497,네트워크론,1,네트워크론 대출신청은 어떻게 하나요?,"대출신청, 네트워크","네트워크,시스템"
A18537,대출계약철회권,1,제가 대출을 신청했는데 혹시 철회가 가능한가요?,"철회, 신청, 대출","신청,융자"
A18541,대출계약 철회,1,대출계약을 철회할 수 있을까요?,"대출계약, 철회","철회,취소"
A18639,전세 대출 서비스,1,수고하십니다. 전세자금대출이 문의하고 싶은데요,"수고, 전세자금대출, 문의","전세자금대출,질문"
A18644,담보 대출,1,"안녕하세요, 담보대출 좀 문의하고 싶습니다.","담보,대출","대출,융자"
A18679,전세 자금 대출,1,전세대출을 받고싶은데요,"전세,대출","대출,대출-금융상품"
A18682,신용 대출,1,제가 신용대출을 받을 수 있을까요?,"신용,대출","대출,대출-금융상품"
A18683,신용 대출,1,제 마이너스통장 기한이 연장될 수 있나요?,"신용,대출,기한,연장","대출,기간"
A18684,신용 대출,1,제 마이너스통장 기한이 연장될 수 있나요?,"신용,대출,기한,연장","대출,기간"
A18685,신용 대출,1,제 마이너스통장 기한이 연장될 수 있나요?,"신용,대출,기한,연장","대출,기간"
A18686,신용 대출,1,제 마이너스통장 기한이 연장될 수 있나요?,"신용,대출,기한,연장","대출,기간"
A18693,담보대출,1,현재 건축중인 건물이 있는데 대출이 가능한가요?,"대출, 건물","건물,대출-금융상품"
A18694,신용대출,1,단기 대출을 진행하고 싶은데요?,"단기, 대출,진행","대출,대출-금융상품"
A18696,보험 약관대출,1,약관대출을 어떻게 신청할 수 있나요?,"약관,대출,신청","대출,대출-금융상품"
A18697,보험 약관대출,1,약관대출을 어떻게 신청할 수 있나요?,"약관,대출,신청","대출,대출-금융상품"
A18698,신용대출,1,"제가 돈이 급하게 필요한데, 단기로 대출 받을 수 있나요?","돈, 단기, 대출","단기,대출-금융상품"
A18706,대출 신청,1,은행에 있는 예금을 담보로 대출이 가능하나요?,"은행,예금, 담보, 대출","예금,은행-금융기관"
A18707,담보 대출,1,제가 연봉이 올랐는데 그럼 대출 금리가 내려갈 수 있나요?,"연봉,대출,금리","대출,대출-금융상품"
A18708,기업 대출,1,기업고객인데 대출이 가능한가요?,"기업,대출,가능","대출,대출-금융상품"
A18709,기업 대출,1,기업고객인데 대출이 가능한가요?,"기업,대출,가능","대출,금융상품"
A18713,보험 약관대출,1,약관대출을 어떻게 신청할 수 있나요?,"약관,대출,신청","대출,금융상품"
A18742,대출금리,1,대출금리를 인하받고 싶은데 가능합니까?,"대출, 금리","금리,이자"
A18745,대출이용,1,교보바로받는 신용대출은 무방문으로도 받을 수 있나요?,"신용, 대출, 무방문","대출,금융상품"
A19167,보험약관대출,1,보험약관 대출은 얼마나 받을 수 있나요?,"보험,약관,대출","약관,계약"
A19197,약관대출,1,보험계약을 담보로 한 대출현황이라는 내용의 문자는 제가 대출중이라는 뜻인가요?,"보험계약, 담보","담보,보증"
A19205,대출안내,1,OO생명 고객센터 전화번호를 알려주세요,,
A19243,보험대출,1,보험계약대출을 받으며 그 사실을 제 3자가 알수 있나요?,"계약, 대출, 사실","대출,정말"
A19254,대출신청오류,1,보험계약대출 신청하려고 하는데요.,"대출, 신청","신청,접수"
A19255,대출금상환,1,대출금 상환을 하려고 하는데요?,"대출금, 상환","상환,갚음"
A19308,대출이용,1,OO보험 신용대출은 무방문으로도 받을 수 있어요?,"신용대출,무방문","무방문,비대면"
A19309,안내서비스,1,OO생명 대출콜센터 안내서비스 번호를 알고 싶은데요?,"대출,콜센터,안내,서비스,번호","콜센터,알림"
A19310,보험계약대출,1,보험계약대출이 뭔가요?,보험계약대출,"보험계약대출,보험약관대출"
A19311,보험계약대출 신청,1,보험계약대출은 어떻게 신청하나요?,"보험계약대출,신청","신청,요청"
A19347,대출금상환,1,보험계약대출금을 매월 나누어 상환하고 싶은데 가능한가요?,계약대출금,"계약대출금,보험계약대출금액"
A19351,아파트담보대출,1,"현금이 급히 필요해서 그런데, 아파트 담보대출로 가능할까요?","현금, 아파트, 담보대출","아파트,공동주택"
A19359,전화대출상담,1,"전화 대출 받을려고 하는데, 제 명의 통장이 있어야하나요?","전화대출, 명의통장","명의통장,장부"
A19360,담보대출상담,1,집을 담보로 대출 받고 싶은데 몇 %까지 받을 수 있나요?,"집, 담보, 대출","담보,융자"
A19362,약관대출,1,보험계약대출 받고 싶은데 얼마까지 받을 수 있죠?,보험계약대출,"보험계약대출,대출"
A19363,약관대출,1,약관대출을 받을려니 예전보다 받을 수 있는 금액이 너무 낮네요.. 왜 이런가요?,"약관대출, 금액","금액,돈"
A19364,약관대출,1,"약관대출을 받고 싶은데, 언제든 가능한가요?","약관대출, 가능","가능,대출"
A19367,비대면대출문의,1,대출 신청할 때 본인이 직접가야하나요?,"대출, 신청, 본인","신청,당사자"
A19368,담보추가대출,1,"3년전에 아파트 담보대출을 이곳에서 받았는데, 혹시 추가대출 가능한가요?","3년, 아파트, 담보대출, 추가대출","아파트,공동주택"
A19369,대출상담,1,"대출받을려고 하는데, 금리가 가장 저렴한 곳이 어디인가요?","대출, 금리","금리,이자율"
A19398,약관대출문의,1,"보험계약 대출이라는게 있다던데, 맞나요?","보험계약, 대출","대출,대부"
A19399,보험약관대출,1,300만원 정도 약관대출로 한달 빌릴 수 있을까요?,"300만원, 약관대출, 한달","약관대출,1개월"
A19400,보험약관대출,1,이곳에서 보험 약관대출 되나요?,보험약관대출,"보험약관대출,대출"
A19469,이자납부오류,1,"제가 대출금을 다 갚았는데, 요번달에도 이자가 빠져나갔네요.","대출금, 요번달, 이자","요번달,수수료"
A19474,대출제3자조회,1,약관대출을 받으면 제3자도 그 정보를 알 수 있는건가요?,"약관대출, 제3자, 정보","제3자,자료"
A19475,약관대출신청,1,보험으로 약관대출 신청할 수 있어요?,"보험, 약관대출, 신청","약관대출,청구"
A19477,보험계약대출,1,"보험계약대출 서비스가 있다던데, 제가 든 보험으로 대출을 받는건가요?","보험계약대출, 서비스, 보험, 대출","서비스,대부"
A19478,약관대출신청,1,약관대출 신청 좀 할려구요.,"약관대출, 신청","신청,청구"
A19481,보험계약대출,1,보험계약대출 상담도 해주시나요?,"보험계약대출, 상담","상담,의논"
A19482,약관대출신청,1,ㅇㅇ화재에서도 대출을 받을 수 있나요?,"ㅇㅇ화재, 대출","대출,대부"
A19536,정액분할자동상환,1,"약관대출 받은게 있는데, 12개월로 분할 상환 될까요?","약관대출, 12개월, 분할상환","12개월,변제방식"
A19658,보험사대출문의,1,보험회사에서 받는 대출에는 어떤 대출들이 있나요?,"보험회사, 대출, 어떤","대출,대부"
A19659,약관대출금액문의,1,"전에 약관대출 받았을 때보다 지금 가능금액이 현저히 줄었는데, 왜 그런거죠?","약관대출, 지금, 가능금액","지금,돈"
A19660,문자알림대출문의,1,"보험사 문자를 받았는데, 무슨 뜻인지 몰라서 문의 드립니다.","보험사, 문자, 문의","문자,상담"
A19661,대출상담,1,"ㅇㅇ화재에 대출관련 상담을 받으려고 연락을 좀 하고 싶은데, 전화 연결이 안되네요.","ㅇㅇ화재, 대출, 상담, 연락, 전화연결","대출,전화"
A19662,약관대출이력조회,1,보험으로 약관대출을 받았을 때 제3자가 제 대출이력을 조회할 수 있는가요?,"보험, 약관대출, 제3자, 대출이력, 조회","약관대출,검색"
A19663,인터넷보험대출,1,"보험계약대출을 받을려고 하는데, 도움을 좀 주시면 좋겠어요.","보험계약대출, 도움","도움,지원"
A19824,보험계약대출절차,1,보험계약대출 절차 긍금합니다.,보험/계약/대출,"계약,금융상품"
A19835,전화대출상담,1,전화 대출시 보험사에 본인명의 통장이 등록되어 있어야만 합니까?,전화/대출/보험사/본인/통장/등록,"대출,금융상품"
A19843,보험계약대출,1,보험계약대출 받으려면 어떻게 하나요?,보험/계약/대출,"계약,법률행위"
A19844,대출 상환,1,보험계약대출은 언제까지 상환해야 하나요?,보험/계약/대출/상환,"계약,변제"
A19845,대출이자,1,보험계약대출 이자 산출 방법은 어떻게 이루어지나요?,보험/계약/대출/이자/산출,"계약,계산"
A19846,담보대출,1,아파트 담보 대출을 받을 수 있나요?,아파트/담보/대출,"담보,금융상품"
A19933,보험계약대출문의,1,보험계약대출이 무엇인가요?,보험계약대출,"보험계약대출,금융상품"
A19934,보험계약대출문의,1,보험상품 중 금리확정형 상품을 알고 싶습니다.,보험상품/금리확정형,"금리확정형,금융상품"
A19935,보험계약대출문의,1,보험계약대출 신청방법은 어떻게 되나요?,보험계약대출/신청방법,"신청방법,금융상품"
A19936,보험계약대출문의,1,000보험사의 보험계약대출을 알고 싶은데 우선 보험계약대출 서비스의 유동성을 알고 싶습니다.,보험계약대출/서비스/유동성,"서비스,금융상품"
A19937,보험계약대출문의,1,보험계약대출 서비스 관련 문의를 하려합니다. 대출원리금이 대출원리금이 해약환급금 초과시 보험계약 해지 위험이 있나요?,보험계약대출/서비스/대출원리금/해약환급금/해지/위험,"서비스,금융서비스"
A19938,보험계약대출문의,1,2017년 보험계약대출채권 비중은 다른 상품에 비해 어떤가요?,보험가계대출채권/비중,"비중,금융상품"
A19939,보험계약대출문의,1,"대한민국에서 00생명,OO보험, 00생명 즉, 상위 3개 보험사가 전체 생명보험 보험계약대출채권의 절반이상을 차지한다는데 정맣이낙요?",생명보험/보험계약대출채권,"보험계약대출채권,금융상품"
A19940,보험계약대출문의,1,보험계약대출과 유사한 서비스‘중도인출’에서 별도의 이자납입을 해야 하나요?,보험계약대출/유사서비스/중도인출/별도/이자납입,"유사서비스,금융상품"
A19941,보험계약대출문의,1,보험계약대출의 개념은 무엇인가요?,보험계약대출,"보험계약대출,금융상품"
A19942,보험계약대출문의,1,"대출금액 즉, 인출금액이 100만원, 대출금리 5.5%이고 중도인출수수료가 없는 경우 추가납입수수료가 1.0%라면 언제부터 중도인출이 보험계약대출보다 유리할까요?",대출금액/인출금액/대출금리/중도인출수수료/추가납입수수료가/중도인출/보험계약대출/유리,"인출금액,금액"
A19943,보험계약대출문의,1,보험약관에 기록된 명칭중에 주피보험자란 누구를 지칭합니까?,보험약관/주피보험자/지칭,"주피보험자,보험자격"
A19944,보험계약대출문의,1,「보험업감독규정」에는 보험계약대출 등 보험약관에 의한 대출은 어디에 명기하도록 되어 있나요?,보험업감독규정/보험계약대출/보험약관/대출/명기,"보험계약대출,법률용어"
A19945,보험계약대출문의,1,보험계약대출에서 적용이율과 가산이율에서 적용이율은 무엇인가요?,보험계약대출/적용이율/가산이율,"적용이율,금융서비스"
A19946,보험계약대출문의,1,소비자상담센터를 운영하는 이유는 무엇인가요?,소비자상담센터/운영/이유,"운영,기관"
A19947,보험계약대출문의,1,위에서 말한 보험계약대출 관련 소비자 피해·불만 상담 사례 중 가장 많은 불만은 무언가요?,보험계약대출/소비/피해/불만 상담/사례,"소비,금융상품"
A19948,보험계약대출문의,1,보험계약대출 서비스 중 단점으로 예기하는 금리확정형 상품에 적용되는 가산금리와 금리연동형 상품에 적용되는 가산금리 중에서 어느 상품의 이자부담이 클 것으로 예상되나요?,보험계약대출/서비스/단점/금리확정형/가산금리/금리연동형/이자/부담,"서비스,금융서비스"
A19949,보험계약대출문의,1,그럼 언제부터 보험사가 연체이자율을 적용하지 않게 된 건가요?,보험사/연체이자/적용,"연체이자,금융서비스"
A19950,보험계약대출문의,1,대출계약에서 신용회복을 신청할 경우는 대출금 전액 상환해야 하나요?,대출계약/신용회복/대출금/전액/상환,"신용회복,금액"
A19951,보험계약대출문의,1,보험사에서 말하는 대출이자의 이자율이 변동되는 경우는 어떤 금리를 적용하나요?,보험사/대출이자/이자율/변동/금리,"대출이자,금융서비스"
A19952,보험계약대출문의,1,000보험사의 보험계약대출은 어떻게 받을 수 있나요?,보험계약대출,"보험계약대출,금융상품"
A19953,보험계약대출문의,1,보험약관대출은 그동안 금융권에서 정보가 공유되지 않아 왔나요?,보험약관대출/정보/공유,"정보,금융상품"
A19954,보험계약대출문의,1,보험계약대출금은 본인계좌로만 송금되나요?,보험계약대출/계좌/송금,"계좌,금융서비스"
A19955,보험계약대출문의,1,보험계약대출 납입 위한 가상계좌와 대출이자를 안내받았는데 가상계좌는 안내일 당일만 사용할 수 있나요?,보험계약대출/가상계좌/대출이자/사용,"가상계좌,금융서비스"
A19956,보험계약대출문의,1,법인 계약자를 위한 보험계약대출 서비스는 어떤게 있나요?,법인/계약자/보험계약대출,"계약자,금융서비스"
A19957,보험계약대출문의,1,계약된 보험계약대출금을 모두 상환했는데 이자가 출금되었습니다. 어떻게 해야 하나요?,보험계약대출금/상환/이자/출금,"상환,금융서비스"
A19958,보험계약대출문의,1,대출 이자 연체 시에 나의 연체정보가 타 금융기관에 공유되나요?,대출이자연체/연체정보/공유,"연체정보,금융서비스"
A19960,담보대출문의,1,아파트담보 대출을 받으려면 어떻게 해야 하나요?,아파트담보대출,"아파트담보대출,금융상품"
A19961,담보대출문의,1,오피스텔은 업무시설이라 주택 규제 대상이 아니기 때문에 대출이 자유롭다고 알고 있는데 대출 받으려는 곳이 오피스텔인지는 어떻게 확인하나요?,오피스텔/규제대상/대출,"규제대상,금융상품"
A19962,담보대출문의,1,아파트 담보대출시 근저당 설정하려는데 방법이 어떻게 되나요?,아파트담보대출/근저당/설정,"근저당,보증"
A19963,담보대출문의,1,본인 신용등급 조회에 대해서 궁금합니다.,본인신용등급조회,"본인신용등급조회,금융서비스"
A19964,담보대출문의,1,대출연체금을 모두 상환해도 개인연체정보기록이 남나요?,대출연체금/상환/개인연체정보기록,"상환,금융상품"
A19965,담보대출문의,1,연체정보를 등록하는 경우 연기가 가능한가요?,연체정보/등록/연기,"등록,금융서비스"
A19966,담보대출문의,1,기한의 이익이란 무엇을 말하나요?,기한의이력,"기한의이력,법률행위"
A20051,연금상품/대출문의,1,국민연금에서 대출 받을 수는 없나요?,국민연금/대출,"대출,금융상품"
A20116,연금보험/약관대출,1,변액연금보험에서 보험계약대출인 약관대출에 대해 알고 싶은데 보험기간중에만 가능한가요? 일시중지 상태에서는 안되나요?,보험계약대출/약관대출,"약관대출,금융상품"
A20117,연금보험/약관대출,1,변액연금보험에서 보험계약대출인 약관대출에서 대출금과 이자 대출상환 방법은 어떻게 되나요?,약관대출/금액범위/이자,"금액범위,이율"
A20118,연금보험/약관대출,1,변액연금보험 중도인출과 약관대출의 차이점이 궁금한데요. 대출운용은 어떻게 하는 건가요?,중도인출/약관대출,"약관대출,금융상품"
A20119,연금보험/약관대출,1,미00셋 loveage 00변액연금보험3의 중도인출은 언제부터 가능한가요?,변액연금보험/중도인출,"중도인출,금융서비스"
A20120,연금보험/약관대출,1,변액연금보험 중도인출에서 인출범위를 알고 싶습니다.,변액연금보험/중도인출/인출범위,"중도인출,영역"
A20200,아파트대출문의,1,아파트 담보 대출을 받으려고 하는데 어떻게 해야 할까요? 아파트 담보 대출의 대출금액은 어떻게 되나요?,아파트/담보/대출,"담보,금융상품"
A20201,아파트대출문의,1,아파트 대출을 받을때 고려해야 할 점은 무엇인가요?,아파트/대출/고려,"대출,금융상품"
A20202,아파트대출문의,1,아파트 대출을 받을때 대출금리에 대한 부분은 어떻게 해야 할까요?,아파트/대출/금리,"대출,이자"
A20203,아파트대출문의,1,아파트 대출 상환방법에서 매년 균등 분할 상환은 무엇을 말하나요?,아파트대출상환방법/매년균등분할상환,"매년균등분할상환,횟수"
A20204,아파트대출문의,1,아파트 대출을 받을때 대출자가 고민해야 할 부분이 무엇일까요?,아파트/대출/대출자/고민,"대출,이용자"
A20205,전세자금대출문의,1,전세자금대출에서 생활자금의 신청요건은 무엇인가요?,전세자금대출/생활자금/신청요건,"생활자금,금융상품"
A20206,주택담보대출문의,1,주택담보대출이 정부의 규제로 심사가 까다로워 진다고 하는데 맞나요?,주택담보대출/정부/규제,"정부,제제"
A20207,주택담보대출문의,1,부동산 대출규제의 핵심은 무엇인가요?,부동산/대출규제/핵심,"대출규제,제제"
A20208,주택담보대출문의,1,나에게 맞는 전세자금대출은 무엇일까요?,전세자금대출,"전세자금대출,금융상품"
A20209,주택담보대출문의,1,저축은행과 캐피탈에서 90%까지 대출을 위해서 대출자가 해야하는 부분은 무엇인가요?,저축은행/캐피탈/90%/대출한도,"캐피탈,규모"
A20210,주택담보대출문의,1,대출이자를 줄이는 가장 좋은 방법은 무엇일까요?,대출이자,"대출이자,이율"
A20211,주택담보대출문의,1,주택담보대출금리 정확한 선택 방법을 알려주세요.,주택담보대출금리 ,"주택담보대출금리,이자"
A20212,주택담보대출문의,1,주택담보대출금리 현황에 대해서 간략히 설명 부탁합니다.,주택담보대출금리,"주택담보대출금리,이자"
A20213,주택담보대출문의,1,금융의 LTV(주택담보대출비율)는 언제 시행되었나요?,LTV/주택담보대출비율/시행,"주택담보대출비율,이자"
A20214,주택담보대출문의,1,DTI(총부채상환비율)는 개인신용평가시스템(CSS)과 비슷한 개념이라는데 설명 가능할까요?,DTI/총부채상환비율/개인신용평가시스템/CSS,"총부채상환비율,개인등급"
A20215,주택담보대출문의,1,LTV(주택담보대출비율)과 DTI(총부채상환비율)은 무엇인가요?,LTV/주택담보대출비율/DTI/총부채상환비율,"주택담보대출비율,이자"
A20216,주택담보대출문의,1,DTI와 LTV 규제완화 정책의 목적에서 2금융권 대출이 늘면서 가계부채의 구조와 질이 악화되고 가계의 이자부담이 증가했는데 당시 수도권이 제일 문제라고 했는데요?,가계부채/구조/질/악화/가계/이자부담/증가,"구조,이율"
A20217,주택담보대출문의,1,DTI와 LTV 규제완화 정책에서 향후 부정적 전망은 무엇일까요?,DTI/LTV/규제완화/정책/부정적전망,"LTV,시책"
A20218,주택담보대출문의,1,손쉬운 주택담보대출금리비교 없을까요?,주택담보대출금리비교,"주택담보대출금리비교,이자"
A20219,주택담보대출문의,1,주택담보대출을 대환해서 금융사를 갈아탄다는 것이 어렵습니다.,주택담보대출/대환/금융사,"대환,기관"
A20220,주택담보대출문의,1,아파트담보대출 최고한도중 최저금리 상품을 찾는데 조언이 필요한데요. 현재 아파트담보대출 한도는 얼마나 가능할까요?,아파트담보대출/최고한도/최저금리,"최고한도,이자"
A20221,주택담보대출문의,1,금융상품에서 햇살론 들어보셨나요? 햇살론이 무엇인지 알려주세요?,금융상품/햇살론,"햇살론,자금"
A20222,주택담보대출문의,1,햇살론 자금목적에 따라 최대한도가 다르다고 하는데 어떻게 다른가요?,햇살론/자금목적/최대한도,"자금목적,목표"
A20223,주택담보대출문의,1,"현재의 주택담보대출 시장, 금리 등이 궁금합니다.",주택담보대출/시장/금리,"시장,이자"
A20224,주택담보대출문의,1,현재 금융권에 적용되는 아파트 담보대출 최저금리가 모든 사람에게 적용되는 것은 아니淄틸?,금융권/적용/아파트/담보대출/최저금리,"적용,부동산"
A20225,주택담보대출문의,1,주택담보대출 받기 전 확인 사항을 알려주세요.,주택담보대출/확인사항,"확인사항,금융상품"
A20226,주택담보대출문의,1,주택담보대출 받기를 원해서 근처 00은행을 갔는데 금리가 너무 비쌉니다. 대출을 받아야 할까요?,주택담보대출/금리,"금리,이자"
A20227,주택담보대출문의,1,금융기관의 주택담보대출 서류를 준비하려는데 사업자인 경우는 소득증빙 서류를 무엇을 준비할면 될까요?,금융기관/주택담보대출/서류/준비/사업자/증빙서류,"주택담보대출,문서"
A20228,주택담보대출문의,1,요즘 주택담보대출 자필 서명이 이루어지는 것으로 알고 있는데 서명 및 서명 이후 유의사항을 알려주세요.,주택담보대출/자필서명/서명/유의사항,"자필서명,본인인증"
A20229,주택담보대출문의,1,주택담보대출에서 이자가 너무 비싸서 고민을 하니 지인이 대환을 예기하셨습니다. 대환이 뭔가요?,주택담보대출/이자/대환,"이자,이율"
A20230,주택담보대출문의,1,주택담보대출에서 제로금리에 대한 설명이 잠깐 있었는데 좀 더 자세히 금리에 대해 설명해주세요.,주택담보대출/제로금리,"제로금리,이자"
A20231,주택담보대출문의,1,일본의 제로 금리 시대 처럼 우리도 될까봐 걱정을 하는데 다른 투자자들은 어떻게 하고 있나요? ,일본/제로금리시대,"제로금리시대,이자"
A20232,신용대출문의,1,대출을 받으려는데 담보가 부족해서 추가적인 보완책으로 신용대출을 알아보고 있는데 어렵습니다.,대출/담보/보완책/신용대출,"담보,개인등급"
A20233,신용대출문의,1,은행의 신용대출이 너무 깐깐해서 광고에 나오는 저축은행 신용대출을 받으면 어떻게 될까요?,은행/신용대출/광고/저축은행신용대출,"신용대출,금융상품"
A20234,신용대출문의,1,"카드대출, 현금서비스 외에 캐피탈, 저축은행 신용대출 등에서 취급되는 대출상품의 금리가 연 8~20% 사이라고 하셨는데 원래 저축은행 상품이 모두 금리가 비싼편인가요?",신용대출/금리,"금리,이자"
A20235,주택담보대출문의,1,주택을 담보로 돈을 빌린다는 것이 참 위험한 것인데 잘못되면 길거리로 나가는 생각때문에 고민이 많아지는데 저만 그런걸까요?,주택/담보,"담보,보증"
A20236,주택담보대출문의,1,주택담보대출 보금자리론에 대해 설명을 부탁합니다.,주택담보대출/보금자리론/설명,"보금자리론,해설"
A20237,주택담보대출문의,1,보금자리론 자격요건에서 개인소득은 얼마이상이어야 합니까?,보금자리론/자격요건/개인소득,"자격요건,수익"
A20238,주택담보대출문의,1,요즘 변동금리보다 고정금리를 선호한다는데 이유가 뭔가요?,변동금리/고정금리/선호/이유,"고정금리,사유"
A20239,주택담보대출문의,1,보금자리론 변경내용중에 소득이 연 2천4백만원이하인 경우 신청안된다는데 이유가 뭔가요?,변경내용/2천4백만원 ,"2천4백만원,금액"
A20240,대출문의,1,"신용대출 상품으로 새희망홀씨, 햇살론, 바꿔드림론 등 상품이 있다는데 새희망홀씨부터 설명을 좀 해주세요. ",신용대출상품/새희망홀씨/햇살론/바꿔드림론,"새희망홀씨,금융상품"
A20241,대출문의,1,신용대출 상품으로 햇살론 설명을 좀 해주세요. ,신용대출/햇살론/설명,"햇살론,해설"
A20242,대출문의,1,"신용대출 상품으로 새희망홀씨, 햇살론, 바꿔드림론 등 상품이 있다는데 바꿔드림론 설명을 좀 해주세요. ",신용대출/바꿔드림론,"바꿔드림론,금융상품"
A20243,대출문의,1,대출받을때 필요한 서류는 뭐가있나요?,대출/서류,"서류,문서"
A20244,부동산담보신탁대출,1,담보대출 중 담보신탁대출에 대한 안내를 받고 싶습니다.,담보대출/담보신탁대출,"담보신탁대출,금융상품"
A20245,직장인신용대출,1,직장인 신용대출 받으려면 어떻게 해야 할까요? 저금리상품이면 좋겠는데요?,직장인/신용대출/저금리,"신용대출,이자"
A20342,전세대출 문의,1,청년 전용 버팀목 전세자금대출 지원대상 확대되었다고 하는데 맞나요?,전세자금대출,"전세자금대출,금융상품"
A20343,전세대출 문의,1,청년 버팀목 전세자금대출 지원이라는 것이 이름처럼 주택 구입 대출이 아니죠?,전세자금대출/주택,"주택,자산"
A20344,전세대출 문의,1,청년 버팀목 전세대출의 금리는 어떻게 되나요?,전세자금대출/금리,"금리,이자"
A20345,전세대출 문의,1,한국주택금융공사 전세대출보증의 상품의 정확한 내용이 어떻게 되는 건가요?,한국주택금융공사/전세대출보증/내용,"전세대출보증,내역"
A20346,전세대출 문의,1,한국주택금융공사 전세대출보증 필요서류에서 본인확인서류는 무엇이 필요한가요?,한국주택금융공사/전세대출보증/필요서류/본인확인서류,"전세대출보증,문서"
A20347,전세대출 문의,1,한국주택금융공사 전세대출보증에서 전(월)세계약서상의 임차인과 보증신청인은 달라도 신청가능하지요?,한국주택금융공사/전세대출보증/전(월)세계약서,"전세대출보증,서류"
A20348,전세대출 문의,1,한국주택금융공사 전세보증금반환보증 신청시기는 어떻게 되나요? ,한국주택금융공사/전세보증금반환보증/신청시기,"전세보증금반환보증,가입"
A20349,전세대출 문의,1,청년 버팀목 전세자금 대출한도를 정리해주세요.,청년버팀목전세자금/대출한도,"대출한도,규모"
A20350,전세대출 문의,1,청년 버팀목 전세대출의 예상대출금액 어떻게 해야 하나요?,청년버팀목전세대출/예상대출금액,"예상대출금액,금융상품"
A20351,주택담보대출 문의,1,주택금융공사 저금리 주택담보대출이 있다고 들었는데 혹시 아시나요?,주택금융공사/저금리주택담보대출,"저금리주택담보대출,금융기관"
A20352,주택담보대출 문의,1,디딤돌대출 조건에서 신청대상에 대해 구체적으로 알고 싶습니다. 먼저 7.10 부동산 대책 반영은 없나요?,디딤돌대출/조건/신청대상,"조건,기준"
A20353,주택담보대출 문의,1,디딤돌대출 조건에서 대출한도를 자세히 알고 싶습니다.,디딤돌대출/조건/대출한도,"조건,규모"
A20354,주택담보대출 문의,1,유한책임대출이란 무엇인가요?,유한책임대출,"유한책임대출,금융상품"
A20355,주택담보대출 문의,1,"주택담보대출을 받는 사람, 즉 채무자 중에는 대출금액을 상환하지 못해 연체가 발생되는 사람도 있지 않습니까?",주택담보대출,"주택담보대출,금융상품"
A20356,주택담보대출 문의,1,MCG와 유한책임대출 혼용은 가능한가요?,MCG/유한책임대출,"유한책임대출,금융상품"
A20357,주택담보대출 문의,1,소액임대차 최우선변제권에서 방수 공제액이란 무엇인가요?,소액임대차/최우선변제권/방수공제액,"최우선변제권,제외"
A20358,주택담보대출 문의,1,디딤돌대출 조건에서 대출금리에서 우대금리 적용 기준을 알려주세요.,대출금리/우대금리/적용,"우대금리,해당"
A20359,주택담보대출 문의,1,한국주택금융공사의 더나은 보금자리론에 대해 알고 싶습니다.,한국주택금융공사/더나은보금자리론,"더나은보금자리론,금융기관"
A20360,주택담보대출 문의,1,더 나은 보금자리론의 대출한도는 어떻게 되나요?,더나은보금자리론/대출한도,"대출한도,규모"
A20361,주택담보대출 문의,1,더 나은 보금자리론의 자격 조건 중에서 소득 조건이 궁금합니다.,자격조건/소득조건,"소득조건,기준"
A20362,주택담보대출 문의,1,더 나은 보금자리론의 대출 종류는 어떻게 되나요?,더나은보금자리론/대출종류,"대출종류,금융상품"
A20363,주택담보대출 문의,1,보금자리론 체증식 분할상환을 알고 싶은데 상환방식은 몇가지나 있나요?,보금자리론/체증식분할상환/방식,"체증식분할상환,방법"
A20364,주택담보대출 문의,1,대출상환에서 체증식 분할상환의 이점을 알려주세요.,대출상환/체증식분할상환/이점,"체증식분할상환,변제"
A20365,주택담보대출 문의,1,"체증식 분할상환의 이점중에서 물가상승, 현금성 자산의 가치 하락 부분을 설명해주세요.",체증식분할상환,"체증식분할상환,변제"
A20366,주택담보대출 문의,1,저금리 주택담보대출 보금자리론 대출자격에서 MCG 모기지신용대출을 알려주세요.,저금리주택담보대출/보금자리론대출자격/MCG모기지신용대출,"보금자리론대출자격,개인자격"
A20367,주택담보대출 문의,1,저금리 주택담보대출 보금자리론 대출자격에서 유한책임대출을 알려주세요.,저금리주택담보대출보금자리론대출자격/유한책임대출,"유한책임대출,금융상품"
A20368,주택담보대출 문의,1,OO은행 주택담보대출이 100% 비대면 아파트 담보대출이라는데 정말인가요?,주택담보대출/비대면아파트담보대출,"비대면아파트담보대출,부동산"
A20369,주택담보대출 문의,1,OO은행 주택담보대출에서 아파트 담보대출이 불가한 경우는 어떤 경우인가요?,주택담보대출/아파트담보대출,"아파트담보대출,부동산"
A20370,주택담보대출 문의,1,OO은행 주택담보대출에서 신청 가능한 대출 상품에서 신규생활자금은 얼마까지 대출이 되나요?,주택담보대출/신규생활자금대출,"신규생활자금대출,금융상품"
A20371,주택담보대출 문의,1,OO은행 주택담보대출 중에서 가계담보대출은 언제까지 신청가능할까요?,주택담보대출/가계담보대출,"가계담보대출,금융상품"
A20372,주택담보대출 문의,1,주택도시기금 대출의 버팀목 전세대출을 알고 싶은데요. 무소득자도 신청가능 하다는데 맞나요?,주택도시기금대출/버팀목전세대출,"버팀목전세대출,금융상품"
A20373,주택담보대출 문의,1,버팀목 전세대출의 담보별 보증한도가 궁금합니다.,보증한도,"보증한도,규모"
A20374,주택담보대출 문의,1,연소득이 4천만원 이하이고 임차 보증금이 1억원 이하의 경우는 대출금리가 어떻게 되나요?,대출금리,"대출금리,이자"
A20375,주택담보대출 문의,1,버팀목 전세대출의 소득조건이 궁금합니다.,버팀목전세대출/소득조건,"소득조건,기준"
A20376,주택담보대출 문의,1,준주택 종류는 무엇인가요?,준주택/종류,"종류,자산"
A20377,주택담보대출 문의,1,버팀목 전세대출 자격 조건에서 임차 보증금은 어떻게 되나요?,버팀목전세대출/자격조건/임차보증금,"자격조건,금융상품"
A20378,주택담보대출 문의,1,캐피탈사 아파트 담보대출 비교하기 정말 번거롭습니다.,캐피탈사/아파트담보대출/비교,"아파트담보대출,금융상품"
A20379,아파트담보대출 문의,1,그럼 신용 평가의 요인은 무엇인가요?,신용평가,"신용평가,개인등급"
A20380,아파트담보대출 문의,1,OOO캐피탈 아파트 담보대출에 대해 설명이 필요합니다.,아파트/담보대출,"담보대출,보증"
A20381,아파트담보대출 문의,1,OOO캐피탈 아파트 담보대출을 알려주세요.,아파트/담보대출,"담보대출,보증"
A20382,아파트담보대출 문의,1,현대캐피탈 담보대출 중에서 사업자금대출을 알려주세요.,사업자금대출,"사업자금대출,금융상품"
A20383,아파트담보대출 문의,1,OOO캐피탈 아파트 담보대출의 대출대상을 알려주세요.,아파트/담보대출,"담보대출,보증"
A20384,아파트담보대출 문의,1,OOO캐피탈 아파트 보유자 무설정 신용대출에서 대출한도는 얼마인가요?,무설정신용대출,"무설정신용대출,금융상품"
A20385,아파트담보대출 문의,1,OO은행캐피탈 부동산 소유자 신용대출의 대출한도은 어떻게 되나요?,신용대출/대출한도,"대출한도,규모"
A20386,아파트담보대출 문의,1,OOO캐피탈 아파트 보유자 우대금리 신용대출의 장점이 무엇일까요?,신용대출,"신용대출,개인자격"
A20387,아파트담보대출 문의,1,OOO캐피탈 아파트 소유자 신용대출을 위한 대출금리는 어떻게 되나요?,대출금리,"대출금리,이자"
A20388,아파트담보대출 문의,1,OOO캐피탈 아파트 담보대출의 대출금리는 어떻게 되나요?,담보대출,"담보대출,금융상품"
A20389,아파트담보대출 문의,1,OOO캐피탈 아파트 보유자 신용대출의 상품 설명을 부탁합니다.,신용대출,"신용대출,개인등급"
A20390,소액신용대출 문의,1,주말에 대출이 가능할까요? ,주말/대출,"대출,금융상품"
A20391,직장인신용대출 문의,1,주말 소액대출로 소액을 빌린다고 해도 이자가 높기 때문에 금방 부담이 되기 때문에 빠르게 갚는게 좋겠죠?,소액대출,"소액대출,금융상품"
A20392,직장인신용대출 문의,1,일반적인 직장인 대출 상품의 직장인 재직기간은 1년 이상 아닌가요?,대출,"대출,금융상품"
A20393,직장인신용대출 문의,1,OO은행 이지페이론 중도상환수수료는 어떻게 되나요?,중도상환수수료,"중도상환수수료,비용"
A20538,보험 약관 대출,1,가입한 보험으로도 대출이 가능한가요?,"가입,보험,대출,가능","보험,계약"
A20539,보험 약관 대출,1,가입한 보험으로도 대출이 가능한가요?,"가입,보험,대출,가능","보험,계약"
A20540,보험 약관 대출,1,제가 가입한 보험으로도 대출이 가능한가요?,"가입,보험,대출,가능","보험,대출-금융상품"
A28069,대출한도,1,아무런 조건없이 신용대출 받을 수 있을까요?,"신용, 대출","대출,금융상품"
A28074,대출금리,1,"저기, 있잖아요, 대출금리를 인하받고 싶은데 가능합니까?","대출, 금리","금리,이자"
A28082,학자금대출,1,지금 대학교 학자금 대출이 가능한가요?,"학자금, 대출","대출,금융상품"
A28091,대출서비스,1,약관대출 문의 합니다,"약관대출,문의","문의,보험대출"
A28123,보험약관대출,1,보험약관 대출은 얼마나 받을 수 있나요?,"보험,약관,대출","약관,계약"
A28134,전세자금대출,1,"전세자금 대출 받고싶은데요, 최저금리가 얼마인가요? ","전세자금대출,최저금리",최저금리
A28143,신용대출,1,신용대출은 어떻게 받나요?,"신용,대출",대출
A28153,전화대출상담,1,"전화 대출 받을려고 하는데, 제 명의 통장이 있어야하나요?","전화대출, 명의통장","명의통장,ARS"
A28154,담보대출상담,1,집을 담보로 대출 받고 싶은데 몇 %까지 받을 수 있나요?,"집, 담보, 대출","담보,거주지"
A28156,약관대출,1,보험계약대출 받고 싶은데 얼마까지 받을 수 있죠?,보험계약대출,"보험계약대출,금액"
A28157,약관대출,1,약관대출을 받을려니 예전보다 받을 수 있는 금액이 너무 낮네요.. 왜 이런가요?,"약관대출, 금액",금액
A28158,약관대출,1,"약관대출을 받고 싶은데, 언제든 가능한가요?","약관대출, 가능",가능
A28164,담보대출상담,1,대출을 받아서 단독주택을 짓고 싶은데 가능할까요?,"대출, 단독주택","단독주택,거주지"
A28165,대출심사,1,신용대출 심사 받는게 많이 까다롭나요?,"신용대출, 심사",심사
A28166,전세대출상담,1,대출문의 가능한가요?,"대출문의, 가능","가능,질의"
A28167,비대면대출문의,1,대출 신청할 때 본인이 직접가야하나요?,"대출, 신청, 본인","신청,요청"
A28168,담보추가대출,1,"3년전에 아파트 담보대출을 이곳에서 받았는데, 혹시 추가대출 가능한가요?","3년, 아파트, 담보대출, 추가대출","아파트,거주지"
A28169,대출상담,1,"대출받을려고 하는데, 금리가 가장 저렴한 곳이 어디인가요?","대출, 금리",금리
A28182,단기대출,1,1억을 단기로 대출 받을 수 있나요?,"1억, 단기, 대출","단기,금액"
A28189,중소기업청년전세대출,1,"중소기업청년전세대출이라는게 있던데, 저도 될까요?",중소기업청년전세대출,중소기업청년전세대출
A28194,대출금리인하,1,"담보대출 금리를 좀 낮추고 싶은데, 가능할까요?","담보대출, 금리, 가능",금리
A28199,학자금대출,1,"요번에 야간대 들어가면서 학자금 대출을 받고 싶은데, 될까요?","야간대, 학자금, 대출","학자금,금액"
A28200,신용대출신청,1,교보바로받는 신용대출에 대한 광고를 봤습니다. 정말 바로 받을 수 있나요?,"교보, 신용대출, 광고",신용대출
A28203,대출상담,1,"적금이 들어간게 있는데, 이걸로 대출이 되나요?","적금, 대출",대출
A28207,학자금대출상환,1,학자금 대출 문의를 드리고 싶습니다.,"학자금대출, 문의","문의,질의"
A28211,대학생학자금대출,1,대학신입생인데 학자금대출을 받을려면 어디에 문의하면 될까요?,"대학신입생,학자금대출, 문의","학자금대출,질의"
A28215,주택담보대출,1,안녕하세요 주택구입시 담보대출이 가능할까요?,"주택구입, 담보대출","담보대출,내집장만"
A28216,대출문의,1,직장인 대출이 가능할까요?,"직장인, 대출","대출,회사원"
A28217,전세자금대출,1,전세자금대출이 될까요?,전세자금대출,전세자금대출
A28225,신용대출조건,1,신용대출을 받고 싶은데 나이제한이 있나요?,"신용대출, 나이, 제한","나이,제약"
A28234,학자금대출,1,학자금 대출을 받고 싶은데 어떻게 하면 될까요?,"학자금, 대출","대출,학비"
A28237,아파트담보대출,1,아파트 담보대출 신청이 가능할까요?,"아파트, 담보, 대출","담보,거주지"
A28250,신용대출 문의,1,신용대출 문의드립니다. 대출을 받을 수 있는 나이는 어떻게 되나요.,"신용대출, 나이, 살, 이상","나이,한도"
A28258,보험계약대출,1,보험계약 대출 받으려 합니다.,"보험, 계약, 대출",계약
A28259,전세자금대출,1,전세자금 대출 받을려고 합니다. 최저금리도 알고싶습니다.,"전세자금대출, 최저금리",최저금리
A28260,신용대출조건,1,신용대출 문의드립니다.,"신용대출, 문의","문의,질의"
A28269,전세자금대출,1,전세자금 대출 받고 싶은데 요즘 금리가 몇프로에요?,"전세자금대출, 금리",금리
A28270,부동산담보대출,1,대출 받고 싶은데 가능한가요?,"대출, 가능",가능
A28271,신용대출조건,1,신용대출은 어떻게 받을 수 있나요?,신용대출,신용대출
A28357,이체,1,대출금 이체 문의 드립니다,"대출금,이체,문의","이체,질의"
A28370,이체,1,대출금 자동이체 문의 드립니다,"대출금,자동이체","자동이체,송금"
A28386,대출,1,대출 신청하려는데 준비서류가 어떻게 되죠?,"대출, 준비, 서류","준비,자료"
A28395,대출문의,1,전세자금 대출이 대상이 어떻게 되는지 알수있나요?,"전세자금, 대출, 대상","대출,돈"
A28401,보험계약대출,1,안녕하세요?보험계약대출좀 받고 싶은데요?,보험계약대출,"보험계약대출,대출"
A28402,담보대출,1,안녕하세요? 혹시 여기서도 담보대출 되나요?,담보대출,"담보대출,대출"
A28403,계약대출,1,제가 보험계약대출을 받았는데요 통장에 잔액 없어서 가상계좌를 안내 받았습니다. 오늘입금 안하면 계좌가 없어지나요?,"보험계약대출, 잔액, 계좌, 입금","잔액,잔고"
A28419,대출서비스,1,대출 이자 납부 관련해서 여쭤보겠습니다,"대출, 이자, 납부, 문의","이자,질문"
A28431,대출서비스,1,신용대출을 인터넷으로 신청 할 수 있나요?,"신용대출, 인터넷, 신청","인터넷,청구"
A28631,대출금리,1,대출금리 인하받을 수 있나요?,"대울금리,인하","인하,이율"
A28632,대출,1,대출 받고 싶은데 가능할까요?,대출,대출
A28634,대출,1,외국인도 대출이 되나요?,"외국인,대출",대출
A28640,보험대출,1,보험계약대출 상환방법 알려주세요?,"보험계약대출, 상환, 방법","상환,방도"
A28641,보험대출,1,보험 대출상품의 종류에는 무엇이 있나요?,"보험,대출상품","대출상품,제품"
A28642,보험대출,1,신용불량자도 보험계약대출이 가능한가요?,"신용불량자,보험계약대출","보험계약대출,대출"
A28643,보험대출,1,부동산담보대출은 뭔가요?,부동산담보대출,"부동산담보대출,대출"
A28653,대출,1,중소기업에 다니고 있는데 전세대출 가능할까요?,"중소기업,전세대출","전세대출,기관"
A28775,이체출금대출서비스,1,이체관련 문의가 있습니다.,"문의, 이체","이체,입금"
A28776,이체출금대출서비스,1,마통 문의 있습니다.,문의,"문의,질의"
A28777,이체출금대출서비스,1,마이너스 통장 개설하고 싶습니다.,"통장, 개설, 마이너스","개설,대출상품"
A28778,이체출금대출서비스,1,이체한도 문의가 있습니다,"문의, 한도, 이체","한도,입금"
A28779,이체출금대출서비스,1,이체내역 취소 가능한가요?,"이체, 내역, 취소, 가능","내역,불가능"
A28780,이체출금대출서비스,1,신용대출에 나이제한 있나요?,"제한, 대출, 신용대출","대출,서비스"
A28781,이체출금대출서비스,1,이체 관련 문의가 있는데요?,"문의, 이체","이체,입금"
A28782,이체출금대출서비스,1,이체 내역에 계좌번호가 안보여요,"계좌, 이체, 내역, 계좌번호","이체,계좌"
A28783,이체출금대출서비스,1,인터넷뱅킹의 이체한도문의가 있어요,"문의, 한도, 인터넷뱅킹, 이체","한도,입금"
A28784,이체출금대출서비스,1,학자금 대출을 받을 수 있나요?,대출,"대출,서비스"
A28785,이체출금대출서비스,1,지금 학자금 대출 받고 있는데 추가로 생활비도 받을 수 있나요?,"대출, 지금","지금,시점"
A28786,이체출금대출서비스,1,과거에 송금했던 계좌번호를 알 수 있을까요? ,"과거, 계좌, 계좌번호, 송금","계좌,입금"
A28787,이체출금대출서비스,1,공인인증서 신규발급시 타기관인증서 사용등록이 나오는데 어떻게 해야하나요?,"공인인증서, 사용, 발급, 타기관, 등록","사용,입력"
A28788,이체출금대출서비스,1,인터넷 뱅킹에서 사용할 수 있는 비밀번호 방식이 뭐뭐있나요?,"뱅킹, 비밀번호, 인터넷, 사용","비밀번호,이용"
A28789,이체출금대출서비스,1,ATM에서 수표 입금해서 현금으로 출금할 수 있나요?,"입금, 출금, ATM, 수표, 현금","출금,돈"
A28790,이체출금대출서비스,1,퇴직급여 이체에 대해 알려줄 수 있나요?,"급여, 이체, 퇴직","이체,퇴사"
A28791,이체출금대출서비스,1,자동이체 해지 방법을 알고싶습니다.,"방법, 이체, 자동이체, 해지","이체,해약"
A28792,이체출금대출서비스,1,자동이체 변경 가능한가요?,"이체, 자동이체, 변경, 가능","자동이체,불가능"
A28793,이체출금대출서비스,1,수수료 혜택 받는 방법 있나요?,"방법, 수수료, 혜택","수수료,이익"
A28794,이체출금대출서비스,1,자주사용 이체 등록 어떻게 하나요?,"이체, 사용, 등록","사용,입력"
A28795,이체출금대출서비스,1,특정 이체건에 대해 간편 등록 같은 기능이 있을까요?,"기능, 이체, 등록","이체,입력"
A28796,이체출금대출서비스,1,이체가 안됩니다. 원인이 뭐죠?,이체,"이체,입금"
A28797,이체출금대출서비스,1,이체한도 걸려있나요?,"한도, 이체","이체,입금"
A28798,이체출금대출서비스,1,공과금도 이체 등록 할 수 있나요?,"이체, 공과금, 등록","공과금,입력"
A28799,이체출금대출서비스,1,ATM 기기로 이체 가능한가요?,"이체, 가능, ATM","가능,납부기기"
A28800,이체출금대출서비스,1,모바일뱅킹에서 이체하는 방법 알려주세요,"방법, 뱅킹, 모바일, 이체","뱅킹,입금"
A28801,이체출금대출서비스,1,이체한 금액 취소 가능한가요? 액수를 잘못 입력했어요,"이체, 취소, 입력, 가능","취소,불가능"
A28802,이체출금대출서비스,1,계좌이체가 안됩니다. 모바일에서요,"계좌, 모바일, 이체","모바일,입금"
A28803,이체출금대출서비스,1,아파트 관리비를 납부 인터넷뱅킹으로 되나요?,"아파트, 인터넷뱅킹, 납부","인터넷뱅킹,납입"
A28804,이체출금대출서비스,1,인터넷 뱅킹 이체에 질문 있어요,"질문, 뱅킹, 이체, 인터넷","뱅킹,온라인"
A28805,이체출금대출서비스,1,이체확인 영수증 출력 가능합니까?,"이체, 확인, 가능, 영수증","확인,서류"
A28806,이체출금대출서비스,1,인터넷뱅킹 이체한도를 확인하고 싶습니다.,"한도, 인터넷뱅킹, 이체, 확인","인터넷뱅킹,검토"
A28807,이체출금대출서비스,1,카드 없이 돈을 출금하는 방법 있나요?,"방법, 출금, 카드","출금,결제수단"
A28808,이체출금대출서비스,1,건강보험료를 매달 알아서 빠져나가게 할 수 있나요?,건강보험료,"건강보험료,납부료"
A28809,이체출금대출서비스,1,"돈을 입금했는데, 계좌번호 조회가 가능한가요?","입금, 계좌, 조회, 계좌번호, 가능","계좌,불가능"
A28810,이체출금대출서비스,1,핸드폰으로 입금 하고싶습니다.,"입금, 핸드폰","핸드폰,통신수단"
A28811,이체출금대출서비스,1,이체 수수료를 면제 가능한가요?,"이체, 수수료, 면제, 가능","수수료,불가능"
A28812,이체출금대출서비스,1,입출금 내역 문자 서비스 이용 가능한가요?,"문자, 이용, 내역, 출금, 가능, 서비스","이용,상품"
A28813,이체출금대출서비스,1,국민연금을 자동 납부할 수 있나요?,"납부, 자동","자동,수동"
A29264,이체출금대출서비스,1,이체관련 문의가 있습니다.,"문의, 이체","이체,입금"
A29265,이체출금대출서비스,1,마통 문의 있습니다.,문의,"문의,질의"
A29266,이체출금대출서비스,1,마이너스 통장 개설하고 싶습니다.,"통장, 개설, 마이너스","개설,대출상품"
A29267,이체출금대출서비스,1,이체한도 문의가 있습니다,"문의, 한도, 이체","한도,입금"
A29268,이체출금대출서비스,1,이체내역 취소 가능한가요?,"이체, 내역, 취소, 가능","내역,불가능"
A29269,이체출금대출서비스,1,신용대출에 나이제한 있나요?,"제한, 대출, 신용대출","대출,서비스"
A29270,이체출금대출서비스,1,이체 관련 문의가 있는데요?,"문의, 이체","이체,입금"
A29271,이체출금대출서비스,1,이체 내역에 계좌번호가 안보여요,"계좌, 이체, 내역, 계좌번호","이체,계좌"
A29272,이체출금대출서비스,1,인터넷뱅킹의 이체한도문의가 있어요,"문의, 한도, 인터넷뱅킹, 이체","한도,입금"
A29273,이체출금대출서비스,1,학자금 대출을 받을 수 있나요?,대출,"대출,서비스"
A29274,이체출금대출서비스,1,지금 학자금 대출 받고 있는데 추가로 생활비도 받을 수 있나요?,"대출, 지금","지금,시점"
A29275,이체출금대출서비스,1,과거에 송금했던 계좌번호를 알 수 있을까요? ,"과거, 계좌, 계좌번호, 송금","계좌,입금"
A29276,이체출금대출서비스,1,공인인증서 신규발급시 타기관인증서 사용등록이 나오는데 어떻게 해야하나요?,"공인인증서, 사용, 발급, 타기관, 등록","사용,입력"
A29277,이체출금대출서비스,1,인터넷 뱅킹에서 사용할 수 있는 비밀번호 방식이 뭐뭐있나요?,"뱅킹, 비밀번호, 인터넷, 사용","비밀번호,이용"
A29278,이체출금대출서비스,1,ATM에서 수표 입금해서 현금으로 출금할 수 있나요?,"입금, 출금, ATM, 수표, 현금","출금,돈"
A29279,이체출금대출서비스,1,퇴직급여 이체에 대해 알려줄 수 있나요?,"급여, 이체, 퇴직","이체,퇴사"
A29280,이체출금대출서비스,1,자동이체 해지 방법을 알고싶습니다.,"방법, 이체, 자동이체, 해지","이체,해약"
A29281,이체출금대출서비스,1,자동이체 변경 가능한가요?,"이체, 자동이체, 변경, 가능","자동이체,불가능"
A29282,이체출금대출서비스,1,수수료 혜택 받는 방법 있나요?,"방법, 수수료, 혜택","수수료,이익"
A29283,이체출금대출서비스,1,자주사용 이체 등록 어떻게 하나요?,"이체, 사용, 등록","사용,입력"
A29284,이체출금대출서비스,1,특정 이체건에 대해 간편 등록 같은 기능이 있을까요?,"기능, 이체, 등록","이체,입력"
A29285,이체출금대출서비스,1,이체가 안됩니다. 원인이 뭐죠?,이체,"이체,입금"
A29286,이체출금대출서비스,1,이체한도 걸려있나요?,"한도, 이체","이체,입금"
A29287,이체출금대출서비스,1,공과금도 이체 등록 할 수 있나요?,"이체, 공과금, 등록","공과금,입력"
A29288,이체출금대출서비스,1,ATM 기기로 이체 가능한가요?,"이체, 가능, ATM","가능,납부기기"
A29289,이체출금대출서비스,1,모바일뱅킹에서 이체하는 방법 알려주세요,"방법, 뱅킹, 모바일, 이체","뱅킹,입금"
A29290,이체출금대출서비스,1,이체한 금액 취소 가능한가요? 액수를 잘못 입력했어요,"이체, 취소, 입력, 가능","취소,불가능"
A29291,이체출금대출서비스,1,계좌이체가 안됩니다. 모바일에서요,"계좌, 모바일, 이체","모바일,입금"
A29292,이체출금대출서비스,1,아파트 관리비를 납부 인터넷뱅킹으로 되나요?,"아파트, 인터넷뱅킹, 납부","인터넷뱅킹,납입"
A29293,이체출금대출서비스,1,인터넷 뱅킹 이체에 질문 있어요,"질문, 뱅킹, 이체, 인터넷","뱅킹,온라인"
A29294,이체출금대출서비스,1,이체확인 영수증 출력 가능합니까?,"이체, 확인, 가능, 영수증","확인,서류"
A29295,이체출금대출서비스,1,인터넷뱅킹 이체한도를 확인하고 싶습니다.,"한도, 인터넷뱅킹, 이체, 확인","인터넷뱅킹,검토"
A29296,이체출금대출서비스,1,카드 없이 돈을 출금하는 방법 있나요?,"방법, 출금, 카드","출금,결제수단"
A29297,이체출금대출서비스,1,건강보험료를 매달 알아서 빠져나가게 할 수 있나요?,건강보험료,"건강보험료,납부료"
A29298,이체출금대출서비스,1,"돈을 입금했는데, 계좌번호 조회가 가능한가요?","입금, 계좌, 조회, 계좌번호, 가능","계좌,불가능"
A29299,이체출금대출서비스,1,핸드폰으로 입금 하고싶습니다.,"입금, 핸드폰","핸드폰,통신수단"
A29300,이체출금대출서비스,1,이체 수수료를 면제 가능한가요?,"이체, 수수료, 면제, 가능","수수료,불가능"
A29301,이체출금대출서비스,1,입출금 내역 문자 서비스 이용 가능한가요?,"문자, 이용, 내역, 출금, 가능, 서비스","이용,상품"
A29302,이체출금대출서비스,1,국민연금을 자동 납부할 수 있나요?,"납부, 자동","자동,수동"
A29750,계약조회,1,홈페이지에서 대출내역 확인할 수 있죠?,홈페이지/대출내역/확인,"대출내역,체크"
A29782,보험대출,1,제가 보험 대출을 신청했는데 왜 이틀이 지나서 대출금이 지급되나요? 다른 사람들은 바로 그날에 대출이 된다고 그러던데?,보험대출/신청/이틀/대출금/지급/그날,"신청,접수"
A29783,대출이자,1,대출 신청할 때 이자를 제하고 대출금 주던데 왜그런거에요?,대출/신청/이자/대출금,"신청,금액"
A29808,계약조회,1,신용대출을 받을 수 있나요?,신용대출,"신용대출,대출"
A29831,인터넷뱅킹,1,저 B2B채권등록 후 대출을 하려고 하는데 우선 채권등록을 해야한다던데 채권 등록 방법이 어떻게 되나요?,B2B채권등록/대출/채권등록/방법,"대출,수단"
A29832,인터넷뱅킹,1,B2B채권을 이용하여 대출을 받을 수 있죠?,B2B채권/대출/이용,"대출,사용"
A29883,보험담보대출,1,저 있잖아요. 보험담보대출 내역을 봤는데 이자는 어떻게 산출되는 거에요?,보험담보대출/내역/이자/산출,"내역,계산"
A29941,신용대출,1,저 신용대출을 받고 싶은데 가능하나요?,신용대출/가능,"가능,대출"
A29942,신용대출,1,저 신용대출 만기가 다 됐거든요. 혹시 연장할 수 있나요?,신용대출/만기/연장,"만기,만료"
A29943,연말정산소득공제서류,1,저 대출금으로 연말정산 신청할 수 있죠?,대출금/연말정산/신청,"연말정산,접수"
A29944,대출금상환,1,저 있잖아요. 대출금을 상환하고 전액상환영수증을 출력할 수 있나요?,대출금/상환/전액상환영수증/출력,"상환,금액"
A29945,전세자금대출,1,저 전세자금대출을 받을 수 있나요?,전세자금대출,"전세자금대출,대출"
A29946,신용대출,1,저 대출을 좀 받고 싶은데 어떻게 하면 되나요?,대출,대출
A29947,신용대출,1,OO비상금대출이 뭔가요?,OO비상금대출,"OO비상금대출,대출"
A29948,신용대출,1,저 대출을 연장할 수 있나요?,대출/연장,연장
A29949,대출금상환,1,대출금을 상환하려고 했는데 자꾸 오류가 나네요.,대출금/상환/오류,"상환,에러"
A29950,주택대출자금상환증명서,1,저 주택대출자금상환증명서 메뉴에서 대출계좌가 안 뜨는데 왜 이런 거에요?,주택대출자금상환증명서/메뉴/대출계좌,"메뉴,서류"
A29951,B2B대출,1,B2B대출을 신청하려고 하는데 B2B대출의 특징이 뭔가요?,B2B대출/신청/특징,"신청,접수"
A29952,B2B대출,1,B2B업체등록을 할 수 있죠?,B2B업체등록,"B2B업체등록,가입"
A29953,대출금상환,1,저 있잖아요. 대출금 영수증을 출력하려고 하는데 오류가 생기는데 왜 이런거에요?,대출금/영수증/출력/오류,"영수증,에러"
A29954,예금담보대출,1,저 예금담보로 대출을 받았는데 예금이 만기가 됐거든요. 어떻게 해야 하나요?,예금담보/대출/예금/만기,"대출,만료"
A29955,잔세자금대출,1,저기요. 전세자금대출을 문의하려고 하는데요. 전세자금대출을 지금 살고 있는 전세계약으로 대출을 할 수 있나요?,전세자금대출/문의/전세계약/대출,"문의,질문"
A29957,예금담보대출,1,펀드를 담보로 예금담보대출을 받았는데 해지하려고 하는데 해지 가능하죠?,펀드/담보/예금담보대출/해지/가능,"담보,해약"
A29958,예금담보대출,1,저 펀드를 담보로 예금담보대출을 받을 수 있나요?,펀드/담보/예금담보대출,"담보,대출"
A29959,우량직장인대출,1,우량직장인 대출이 뭔가요?,우량직장인/대출,대출
A29960,우량직장인대출,1,우량직장인 대출을  신청하려고 하는데 자꾸 오류가 뜨네요. 왜 이런 거에요?,우량직장인/대출/신청/오류,"대출,에러"
A29971,예금담보대출,1,저기요. 예금담보로 대출을 받을 수 있죠?,예금담보/대출,대출
A29972,대출금상환,1,저 대출금을 중도상환하려고 하는데 가능한가요?,대출금/중도상환/가능,"중도상환,금액"
A30045,대학생학자금대출,1,대학신입생인데 학자금대출을 받을려면 어디에 문의하면 될까요?,"신입생,학자금대출","학자금대출,대출"
A30049,주택담보대출,1,안녕하세요 주택구입시 담보대출이 가능할까요?,"주택, 구입, 담보대출","구입,대출"
A30050,대출문의,1,직장인 대출이 가능할까요?,"직장인,대출,가능","대출,실현"
A30051,전세자금대출,1,전세자금대출이 될까요?,전세자금대출,"전세자금대출,대출"
A30059,신용대출조건,1,신용대출을 받고 싶은데 나이제한이 있나요?,"신용,대출,나이,제한","대출,한계"
A30068,학자금대출,1,학자금 대출을 받고 싶은데 어떻게 하면 될까요?,"학자금,대출","대출,빌림"
A30071,아파트담보대출,1,아파트 담보대출 신청이 가능할까요?,"아파트,담보,대출,신청","담보,요청"
A30084,신용대출 문의,1,신용대출 문의드립니다. 대출을 받을 수 있는 나이는 어떻게 되나요.,"신용대출, 문의, 나이, 살, 이상","문의,한도"
A30092,보험계약대출,1,보험계약 대출 받으려 합니다.,보험/계약/대출,"계약,빌림"
A30093,전세자금대출,1,전세자금 대출 받을려고 합니다. 최저금리도 알고싶습니다.,"전세자금대출, 최저금리","최저금리,대출"
A30094,신용대출조건,1,신용대출 문의드립니다.,"신용대출, 문의","문의,질문"
A30102,약관대출,1, 보험 약관대출은 어떻게 받을수 있나요?,"보험,약관대출","약관대출,금융상품"
A30126,아파트담보대출,1,아파트를 담보로 대출 받을수 있을까요,"아파트, 담보, 대출","담보,빌림"
A30129,전세자금대출,1,안녕하세요. 전세를 들어가려고 알아보고 있습니다.,전세,"전세,월세"
A30130,청년전용버팀목전세대출,1,청년전용버팀목 전세대출이 뭔가요.,"청년전용버팀목, 전세대출","전세대출,대출"
A30131,청년전세자금대출연장,1,은행에서 대출만기 기일이 다되었다는 문자를 받았습니다.,"은행, 대출, 만기일","대출,기한일"
A30135,보험약관대출,1,보험약관 대출을 알아보고 싶습니다.,"보험,약관,대출","약관,계약"
A30158,대출금상환,1,대출금 상환에 관해 문의드릴께있는데요?,"대출금, 상환,문의","상환,질문"
A30319,대출신청,1,대출접수를 하려구요,"대출, 접수","접수,등록"
A30322,보험대출,1,보험계약대출을 받았는데 그 내용을 다른사람이 알 수 있나요?,"보험계약대출, 내용","내용,대출"
A30323,대출금상환,1,대출금 상환일이 아닌데 상환하려고 하는데요?,"대출금, 상환","상환,갚음"
A30326,전세자금대출연장,1,대출 상환을 연장할 수있다던데 맞나요?,"대출상환, 연장","연장,갱신"
A30327,대출방법,1,인터넷대출이 있나요?,인터넷대출,"인터넷대출,대출"
A30400,보험 약관 대출,1,보험 약관대출이라는게 있다고 들었습니다 저도 받을 약관 대출을 받을 수 있는지 궁금합니다.,"보험약관대출, 궁금","궁금,문의"
A30401,보험 약관 대출,1,보험회사에서 대출도 해준다고 하던데요. 대출이 가능한가요.,"보험사,대출","대출,대부"
A30404,햇살론 대출,1,햇살론이 뭔지 궁금해서요.,햇살론,"햇살론,대출"
A30409,대출상환,1,대출금을 저번달에 모두 갚았는데요. 이번달에 또 이자가 나갔습니다. ,"대출금, 저번달, 이자, 요번달","저번달,수수료"
A30410,학자금대출,1,학자금 대출 받으려고 생각합니다. 어떻게 하면 되는건가요. 저도 될까요.,학자금.대출,"학자금.대출,대부"
A30411,예금담보대출,1,담보대출을 알아보고 있습니다. 가능할까요.,담보대출.가능,"담보대출.가능,신용대출"
A30412,대출중도상환,1,제가 대출금이 있는데요. 만기 전에 중도상환을 하려고 합니다.,"대출금, 중도, 상환","중도,금액"
A30452,대출 가입,1,안녕하세요. 대출 알아보려구요.,대출,"대출,대부"
A30453,대출 정보 열람,1,대출정보에 대해서 알아보려구요. ,대출정보,대출정보
A30454,대출 한도 조회,1,안녕하세요. 대출 한도 조회하려합니다. ,대출 한도 조회,"대출한도조회,검색"
A30517,이자납부오류,1,대출금 이자가 또 나갔네요.,"대출금, 이자","이자,이율"
A30522,대출제3자정보조회,1,약관대출을 받으면 제3자도 그 정보를 알 수 있는건가요?,"약관대출, 제3자, 정보","제3자,지식"
A30523,약관대출신청,1,보험으로 약관대출 신청할 수 있어요?,"보험, 약관대출, 신청","약관대출,대출"
A30524,대출금중도상환,1,대출금 중도 상환이 될까요?,"대출금, 중도상환","중도상환,변제"
A30525,대출자격문의,1,대출받으려구합니다. 상담 부탁드려요.,"대출, 상담","상담,문의"
A30531,법인사업자대출,1,법인사업자를 위한 대출이 있다고 하던데요.,"법인사업자, 대출","대출,대부"
A30540,대출상환방법,1,대출 상환방법 어떤게 있나요?,"대출, 상환방법","상환방법,수단"
A30541,대출금리인하,1,대출금리를 조금 낮추고 싶은데 방법이 있어요?,"대출금리, 방법","방법,방식"
A30542,비대면신용대출,1,신용대출 유선으로도 가능하죠?,"신용대출, 유선, 가능","유선,전화"
A30707,대출금 계좌 변경,1,대출금 이자 계좌 변경견으로 연락드렸습니다. 가능한가요?,"대출금, 이자, 계좌, 변경, 연락, 가능","이자,실현"
A30708,대출연장신청,1,대출 연장신청하려고 합니다. 가능한가요?,"대출, 연장, 신청, 가능","연장,실현"
A30709,대출 해지 신청,1,"대출 해지하려구요, 어떻게 하면되나요?","대출, 해지","해지,취소"
A30710,추가대출 신청,1,추가 대출 받으려 합니다. 가능한가요?,"추가, 대출, 가능","대출,실현"
A30711,중도상환 신청,1,대출금 중도상환건 문의드립니다.,"대출금, 중도상환, 문의","중도상환,상담"
A30712,대출 전액상환,1,"대출 상환하려하는데, 어떻게 하면될까요?","대출, 상환","상환,대부"
A30713,추가대출 신청,1,적금통장을 담보로 추가대출이 가능한가요?,"적금통장, 담보, 추가, 대출, 가능","담보,실현"
A30714,추가대출 신청,1,보험통장을 담보로 대출 신청이 가능한가요?,"보험, 통장, 담보, 대출, 신청, 가능","통장,실현"
A30715,담보 설정 변경,1,대출 담보 설정 변경건입니다. 가능한가요?,"대출, 담보, 설정, 변경, 가능","담보,실현"
A30716,대출신청 구비서류,1,대출신청시 구비서류 어떤게 필요한가요?,"대출, 신청, 구비, 서류","신청,문서"
A30717,인터넷 대출 신청,1,인터넷 대출 신청 이용절차는 어떻게 되나요?,"인터넷, 대출, 신청, 이용, 절차","대출,과정"
A30718,대출이자 계산,1,대출이자가 얼만큼 나올까요?,"대출, 이자","이자,금리"
A30719,대출이자 계산,1,"네, 고객님 균등상환일때 말씀드릴까요?","고객, 균등, 상환, 말씀","균등,손님"
A30726,대출신용등급조회,1,대출받으려는데 대출신용등급 알아보려구요,"대출,신용,등급","신용,단계"
A30728,ATM대출금상환,1,"대출금 상환을 다 하고싶은데, 인터넷이 안되요. 다른 방법이 있나요?","대출금, 상환, 인터넷, 방법","상환,방식"
A30730,대출한도조회,1,저 OO보험에 가입되어있는데 대출가능한지요?,"삼성생명,가입,대출,가능","가입,실현"
A30731,대출 선결제,1,대출한것 선결제하려구요,"대출,선결제","선결제,대부"
A30798,약관대출,1, 보험 약관대출은 어떻게 받는지 궁금해서요,"보험,약관대출","약관대출,금융상품"
A30841,전세자금대출,1,"청년 전세자금 대출을 받을려고 하는데, 최저금리가 얼마인지 알수 있을까요?","청년,대출,금리","대출,전세자금"
A30899,대출상담,1,대출을 받고싶은데 얼마까지 가능할까요?,"대출, 가능","가능,실현"
A30903,학자금대출문의,1,"대학생인데요,학자금대출을 받고싶어서요.","대학생,대출,학자금대출","대출,학생.학자금.대출금리"
A30906,전세대출상담,1,청년전세대금대출이 궁금해서요,"청년,전세,대금,대출","전세,보증금"
A30941,보험약관대출,1,보험약관 대출은 얼마나 받을 수 있는지요?,"보험,약관,대출","약관,계약"
A30944,대출 서비스,1,직장인대출을 할려고요,"직장,대출","대출,대부"
A30945,대출 서비스,1,학자금 대출에 대해서 알아볼려고요,학자금대출,"학자금대출,학생.대출.대출금"
A30975,대출문의,1,보험을 잘 몰라서요 보험계약대출이 무엇인가요?,보험계약대출,"보험계약대출,보험계약.대출.보험금.대출금.상환금"
A30976,대출문의,1,금리확정형 상품이뭔가요?,금리확정형,"금리확정형,이율"
A30977,대출문의,1,보험계약대출을 받고 싶어요 안내좀 해주세요,보험계약대출/신청방법,"신청방법,방법.신청.보험"
A30978,대출문의,1,대출원리금이 해약환급금 초과시 보험계약 해지 위험이 있나요?,대출원리금 해약관급금 해지 위험,"대출원리금해약관급금해지위험,질환"
A30979,대출문의,1,2017년 보험계약대출채권 판매가 많이 되었나요?,보험가계대출채권/비중,비중
A30980,대출문의,1,대출서비스 이용할  중도인출해도 이자를 납입해야 되는건가요?,보험계약대출/유사서비스/중도인출/별도/이자납입,"유사서비스,인출방법"
A30981,대출문의,1, 보험계약대출이 뭐예요?,보험  계약 대출,"보험계약대출,대부"
A30982,대출문의,1,중도인출이 보험계약대출보다 유리한지요?,중도인출 계약대출 유리,"중도인출계약대출유리,인출방법"
A30983,대출문의,1,주피보험자는 누구를 말하는건가요?,주피보험자,"주피보험자,보장고객"
A30984,대출문의,1,보험에서 적용이율은 무엇인가요?,적용이율,적용이율
A30985,대출문의,1,금리확정형 금리연동형 상품의 이자부담이 클 것으로 예상되나요?,금리확정형/금리연동형/이자/부담,"금리연동형,가중"
A30986,대출문의,1,신용회복을 신청하려면 대출금 전액 상환해야 하나요?,대출계약/신용회복/대출금/전액/상환,"신용회복,상환"
A30987,대출문의,1,보험계약대출 좀 받고 싶은데 안내 좀 해주세요,"보험계약대출,안내.","안내.,설명"
A30988,대출문의,1,보험계약대출금은 본인계좌로만 가능한지요?,보험계약대출/계좌/송금,"계좌,이체"
A30989,대출문의,1,어제 대출금을 다 갚았는데 이자가 또 출금되었는데 왜 이런거죠?,대출금/상환/이자/출금,"상환,지출"
A30990,담보대출문의,1,아파트담보 대출을 하려고 하는데요?,아파트담보대출,아파트담보대출
A30991,담보대출문의,1,아파트 근저당 설정방법이 궁금해서요,아파트담보대출/근저당/설정,"근저당,행위"
A30992,담보대출문의,1,신용등급 조회 할려고요,신용등급조회,신용등급조회
A30993,담보대출문의,1,제가 대출을 다 갚아도 연체정보는 남는가요?,대출 개인연체정보,"대출개인연체정보,대부"
A30994,담보대출문의,1,연체정보를 좀 연기하는게 가능할까요?,연체정보/등록/연기,"등록,가입"
A30999,전세 대출,1,전세대출 좀 받고 싶은데요?,"전세,대출","대출,대부"
A31001,보험 대출,1,가지고 있는 암보험 환급받을 수 있나요?,"암보험,환급,출금","환급,지출"
A31004,보험 대출,1,사정이 급해서 보험계약 대출을 받고 싶은데 가능한가요?,"보험,계약,대출","계약,대부"
A31005,담보 대출,1,담보대출이 가능 한지 알고싶어서요,"담보,대출","대출,대부"
A31007,대출 서비스,1,제 앞으로 신용대출이 가능한지 상담좀 받고 싶어요,"신용,대출,가능 상담","대출,문의"
A31010,대출 서비스,1,청약저축있는데 이걸로 대출이 될까요?,"청약,저축,대출","저축,대부"
A31012,보험 대출,1,보험계약대출이 가능한 조건 좀 먼저 알려주세요,"보험,계약,대출,,가능,조건","계약,요소"
A31017,대출 서비스,1,직장인대출 좀 받을려고요,"직장,대출","대출,대부"
A31018,대출 서비스,1,학자금 대출 가능한가요?,학자금대출,학자금대출
A31189,대출서비스,1,보험계약대출스마트출금 서비스가 뭔가요?,보험계약대출스마트서비스,"보험계약대출스마트서비스,현금자동입출금기서비스"
A31193,대출서비스,1,대출서비스 문의 드립니다,"대출,서비스,문의","서비스,질문"
A31194,대출내역조회,1,대출내역조회서비스 문의 드립니다,대출내역조회서비스,"대출내역조회서비스,대출내이력조회서비스"
A31199,대출서비스,1,카드 현금서비스 문의 합니다,"카드,현금서비스","현금서비스,단기카드대출서비스"
A31200,대출거래내역,1,담보대출 거래내역 조회 하고 싶습니다,"담보대출,거래내역,조회","거래내역,확인"
A31204,대출서비스,1,인터넷 대출서비스 문의 합니다,"인터넷,대출서비스",대출서비스
A31205,대출서비스,1,대출현황 조회 하고 싶습니다,"대출현황,조회","조회,확인"
A31206,대출내역조회,1,대출내역 조회 문의합니다,"대출,내역,조회","내역,확인"
A31207,대출서비스,1,변액보험 대출 문의 합니다,"변액보험,대출",대출
A31221,이체,1,대출금 자동이체 관련해서 문의 드립니다,"대출금,자동이체,문의","자동이체,질문"
A31299,신용대출신청,1,신용대출 신청은 반드시 영업점 방문해야 하나요?,신용대출/신청/영업점/방문,"신청,내방"
A31300,전세자금대출,1,전세자금 대출이 가능한가요?,전세자금/대출,대출
A31301,보험계약 대출,1,보험계약 대출이 무엇인가요?,보험계약/대출,"대출,담보대출"
A31302,아파트담보대출,1,아파트담보대출은 어디서 받을 수 있나요?,아파트/담보/대출,"담보,거주지"
A31303,"예,적금 담보 대출",1,"정기예금, 적금을 담보로 대출이 가능하나요?",정기/예금/적금/담보/대출,"예금,보증"
A31309,대출,1,연체가 뭐에요?,연체,"연체,지체"
A31372,대출서비스,1,대출금 연말정산 서류를 발급받고 싶은데 방법 좀 알려주세요.,"서류, 발급, 방법","발급,수단"
A31375,대출서비스,1,예금을 담보로 대출 받으면 바로 입금되요?,"예금, 담보, 대출, 입금",담보
A31376,대출서비스,1,비대면을 통해 전세 대출 신청하려고 몇 가지 문의드립니다.,"비대면, 대출, 신청","대출,접수"
A32084,대출문의,1,대출문의 좀 하고 싶은데요,"대출, 문의","문의,질문"
A32099,대출한도,1,조건없이 신용대출 받을 수 있나요?,"신용, 대출","대출,금융상품"
A32104,학자금대출,1,학자금 대출을 받고 싶은데요,"학자금, 대출","대출,융자"
A32290,대출 서비스,1,무엇을 도와드릴까요 고객님?,고객,"고객,손님"
A32292,전세 대출,1,전세대출 받고 싶은데요?,"전세,대출","대출,대부"
A32295,담보 대출 ,1,담보대출이 가능 한가요?,"담보,대출","대출,대부"
A32297,대출 서비스,1,제 앞으로 신용대출이 가능한지 상담좀 받고 싶어요,"신용,대출,가능 상담","대출,문의"
A32300,대출 서비스,1,청약저축있는데 이걸로 대출이 될까요?,"청약,저축,대출","저축,대부"
A32420,이자출금,1,대출이자가 연체楹ず좆. 확인해 주실래요?,"대출이자, 연체","연체,미납"
A32421,전세대출,1,청년 버팀목전세자금 대출 만기연장 가능한가요?,"버팀목, 전세자금 대출, 만기연장","전세자금대출,연장"
A32422,전세대출,1,청년맞춤형전세 대출하려고 하는데요?,"청년맞춤형전세, 대출","대출,차입"
A32423,대출진행,1,전세대출신청한거 진행상황이 궁금한데요,"전세대출, 진행상황","진행상황,대출상품"
A32424,대출금상환,1,대출금 상환 관련 문의드리고 싶은데요?,"대출금, 상환","상환,차입금"
A32425,대출기한,1,대출기한 연장 문의드리고 싶은데요,"대출기한, 연장","연장,기간"
